DateOfBirth,Location,Password,_id,email
1949-02-20T18:30:00.000Z,Anhui,DCV46ZIG8ZK,621c831a9357ab95bbecced5,sem.molestie@gmail.com
1959-05-10T18:30:00.000Z,Beijing,CSC67VKV6EW,621c831a9357ab95bbecced6,et.libero@gmail.com
1990-03-22T18:30:00.000Z,Chongqing,GMB55WXX2SR,621c831a9357ab95bbecced7,odio@gmail.com
1987-05-25T18:30:00.000Z,Fujian,SRC03HXS5XK,621c831a9357ab95bbecced8,mollis.integer@gmail.com
1957-09-24T18:30:00.000Z,Gansu,FZQ52XKW1DW,621c831a9357ab95bbecced9,sit.amet@gmail.com
2002-12-28T18:00:00.000Z,Guangdong,CFW68SMD8BF,621c831a9357ab95bbecceda,aliquam.erat@gmail.com
1955-02-01T18:30:00.000Z,Guangxi,YOI42LXE6GD,621c831a9357ab95bbeccedb,ornare.tortor@gmail.com
1994-09-19T18:30:00.000Z,Guizhou,AQG30NPN1FH,621c831a9357ab95bbeccedc,sed.turpis.nec@gmail.com
1970-02-04T18:30:00.000Z,Hainan,DOK73MSK2FE,621c831a9357ab95bbeccedd,facilisis.non.bibendum@gmail.com
1942-09-26T17:30:00.000Z,Hebei,MZY68YOV3KU,621c831a9357ab95bbeccede,tellus.id.nunc@gmail.com
1941-08-01T18:30:00.000Z,Heilongjiang,AFQ77SOT8AK,621c831a9357ab95bbeccedf,sit.amet@gmail.com
1969-10-15T18:30:00.000Z,Henan,MYO72BTL8GT,621c831a9357ab95bbeccee0,nec.ante.blandit@gmail.com
1960-04-29T18:30:00.000Z,Hubei,CRH94PQW3NQ,621c831a9357ab95bbeccee1,felis@gmail.com
2000-09-24T18:00:00.000Z,Hunan,PGA58VJO3CL,621c831a9357ab95bbeccee2,quis.pede@gmail.com
1963-01-13T18:30:00.000Z,Inner Mongolia,MPF35VLB4QN,621c831a9357ab95bbeccee3,donec.est.nunc@gmail.com
1982-08-21T18:30:00.000Z,Jiangsu,WJI14LXS8RH,621c831a9357ab95bbeccee4,ipsum.dolor@gmail.com
2002-10-04T18:00:00.000Z,Jiangxi,JSA32WQL2VJ,621c831a9357ab95bbeccee5,elit.curabitur@gmail.com
1976-09-15T18:30:00.000Z,Jilin,DEV86NIU7CH,621c831a9357ab95bbeccee6,blandit.enim@gmail.com
1991-10-04T18:30:00.000Z,Liaoning,JKA73OEB3TY,621c831a9357ab95bbeccee7,egestas.sed@gmail.com
1989-01-17T18:30:00.000Z,Ningxia,IRJ63LZM5NJ,621c831a9357ab95bbeccee8,egestas.aliquam@gmail.com
1969-03-05T18:30:00.000Z,Qinghai,SWT63RNG4QC,621c831a9357ab95bbeccee9,per@gmail.com
1959-01-11T18:30:00.000Z,Shaanxi,GMR77RBA5VC,621c831a9357ab95bbecceea,sodales.at.velit@gmail.com
1942-05-18T18:00:00.000Z,Shandong,NHV06KFF5UI,621c831a9357ab95bbecceeb,eu.eleifend@gmail.com
1945-07-30T17:30:00.000Z,Shanghai,WUO70OBI6IV,621c831a9357ab95bbecceec,suspendisse.aliquet.molestie@gmail.com
1942-02-05T18:00:00.000Z,Shanxi,QRZ83SVL8DH,621c831a9357ab95bbecceed,vivamus.molestie.dapibus@gmail.com
1996-04-30T18:30:00.000Z,Sichuan,JZN13NKP2WU,621c831a9357ab95bbecceee,elit.fermentum@gmail.com
1955-11-12T18:30:00.000Z,Anhui,KAJ19LUK2VY,621c831a9357ab95bbecceef,justo.praesent.luctus@gmail.com
1965-02-11T18:30:00.000Z,Beijing,XUR70ZYJ4IH,621c831a9357ab95bbeccef0,phasellus@gmail.com
1997-06-13T18:00:00.000Z,Chongqing,ATC47FUF1GP,621c831a9357ab95bbeccef1,venenatis.vel@gmail.com
2004-12-11T18:00:00.000Z,Fujian,JXM55OGF6LZ,621c831a9357ab95bbeccef2,erat.eget.tincidunt@gmail.com
1965-06-14T18:30:00.000Z,Gansu,ZZP67EUW3BP,621c831a9357ab95bbeccef3,eros.non@gmail.com
1967-09-16T18:30:00.000Z,Guangdong,SVF01SWU6YZ,621c831a9357ab95bbeccef4,fames.ac.turpis@gmail.com
1956-03-20T18:30:00.000Z,Guangxi,QPB14HIC5WE,621c831a9357ab95bbeccef5,dui@gmail.com
1966-04-03T18:30:00.000Z,Guizhou,KHY82GNP5DA,621c831a9357ab95bbeccef6,mauris.elit@gmail.com
1954-03-22T18:30:00.000Z,Hainan,QLT37YWP5OD,621c831a9357ab95bbeccef7,sed.nec.metus@gmail.com
1994-04-04T18:30:00.000Z,Hebei,EUV58EFG4FI,621c831a9357ab95bbeccef8,in@gmail.com
1945-01-03T17:30:00.000Z,Heilongjiang,SQX15MNL3IN,621c831a9357ab95bbeccef9,vitae.mauris.sit@gmail.com
1960-08-05T18:30:00.000Z,Henan,WFF37KNV1FC,621c831a9357ab95bbeccefa,nunc.lectus.pede@gmail.com
2004-01-14T18:00:00.000Z,Hubei,WPF23BFT5HX,621c831a9357ab95bbeccefb,cum@gmail.com
1946-02-20T18:30:00.000Z,Guangdong,JHO34RLQ6GQ,621c831a9357ab95bbeccefc,mauris.suspendisse@gmail.com
2008-05-16T18:30:00.000Z,Zhejiang,UHU22XYH9JV,621c831a9357ab95bbeccefd,tempus.risus@gmail.com
1972-10-31T18:30:00.000Z,Beijing,VUC50SME2QG,621c831a9357ab95bbeccefe,pellentesque.habitant@gmail.com
1964-12-04T18:30:00.000Z,Chongqing,RJQ35BUK2PY,621c831a9357ab95bbecceff,porttitor@gmail.com
1990-08-01T18:30:00.000Z,Hunan,FJZ39MQY7CJ,621c831a9357ab95bbeccf00,diam.vel@gmail.com
2009-12-12T18:30:00.000Z,Guangxi,TQN53SHH8EC,621c831a9357ab95bbeccf01,elit.pretium.et@gmail.com
1964-09-04T18:30:00.000Z,Shanghai,OFU67ANX1MZ,621c831a9357ab95bbeccf02,amet.risus@gmail.com
1976-04-04T18:30:00.000Z,Jiangxi,NLY14WKG8UX,621c831a9357ab95bbeccf03,nunc@gmail.com
2005-07-02T18:00:00.000Z,Sichuan,GCT20ATM0OG,621c831a9357ab95bbeccf04,penatibus.et@gmail.com
1958-12-15T18:30:00.000Z,Shandong,JPU90VCB1BJ,621c831a9357ab95bbeccf05,faucibus.orci.luctus@gmail.com
1965-03-02T18:30:00.000Z,Anhui,NEF83KPA3YS,621c831a9357ab95bbeccf06,ac.risus.morbi@gmail.com
1992-07-28T18:30:00.000Z,Fujian,DVM28NWI8AR,621c831a9357ab95bbeccf07,vel.turpis@gmail.com
1949-11-27T18:30:00.000Z,Henan,AAD43HUA5IY,621c831a9357ab95bbeccf08,imperdiet@gmail.com
1957-03-20T18:30:00.000Z,Jiangsu,QUP74NTQ3SH,621c831a9357ab95bbeccf09,donec@gmail.com
1971-06-04T18:30:00.000Z,Hainan,XRM61HFU8UX,621c831a9357ab95bbeccf0a,neque.morbi.quis@gmail.com
2002-05-21T18:00:00.000Z,Tianjin,RDZ36DZF8NU,621c831a9357ab95bbeccf0b,enim.condimentum@gmail.com
1988-09-02T18:30:00.000Z,Yunnan,UPQ42VAH6EM,621c831a9357ab95bbeccf0c,venenatis.a.magna@gmail.com
1994-11-24T18:30:00.000Z,Shaanxi,FTK15USE5CZ,621c831a9357ab95bbeccf0d,non.enim.mauris@gmail.com
1942-12-31T17:30:00.000Z,Heilongjiang,AIZ02LNA4ZT,621c831a9357ab95bbeccf0e,morbi.neque.tellus@gmail.com
1957-07-20T18:30:00.000Z,Liaoning,DSS64RBO1BM,621c831a9357ab95bbeccf0f,nulla@gmail.com
1978-07-09T18:30:00.000Z,Guizhou,XHQ43QWH9BF,621c831a9357ab95bbeccf10,lacinia@gmail.com
2005-11-07T18:00:00.000Z,Jilin,GHF86UKB7KL,621c831a9357ab95bbeccf11,penatibus@gmail.com
1993-10-09T18:30:00.000Z,Anhui,BLL90GRL5OX,621c831a9357ab95bbeccf12,dignissim@gmail.com
1980-05-01T18:30:00.000Z,Beijing,GME87ZFO5YU,621c831a9357ab95bbeccf13,sem.nulla@gmail.com
2003-01-20T18:00:00.000Z,Chongqing,TMC67JJY8VX,621c831a9357ab95bbeccf14,in@gmail.com
1986-07-25T18:30:00.000Z,Fujian,RVQ56PEV0WB,621c831a9357ab95bbeccf15,sed.nunc@gmail.com
1997-09-02T18:00:00.000Z,Gansu,VEP87CQK0SM,621c831a9357ab95bbeccf16,lorem.fringilla.ornare@gmail.com
1967-09-24T18:30:00.000Z,Guangdong,EBU99DUV7HE,621c831a9357ab95bbeccf17,proin@gmail.com
1947-07-05T18:30:00.000Z,Guangxi,VJV12WUH6FX,621c831a9357ab95bbeccf18,eu.erat@gmail.com
1943-02-15T17:30:00.000Z,Guizhou,QWV86OYH6WN,621c831a9357ab95bbeccf19,dignissim@gmail.com
1958-03-31T18:30:00.000Z,Hainan,WCX78AAU7HS,621c831a9357ab95bbeccf1a,rhoncus.donec.est@gmail.com
2001-05-20T18:00:00.000Z,Hebei,FQY18QUN5LM,621c831a9357ab95bbeccf1b,lacus@gmail.com
1968-11-20T18:30:00.000Z,Heilongjiang,DDY71WCH3KS,621c831a9357ab95bbeccf1c,lacinia.at@gmail.com
1946-09-17T18:30:00.000Z,Henan,AGD77BRM1MV,621c831a9357ab95bbeccf1d,elit.sed.consequat@gmail.com
1950-03-20T18:30:00.000Z,Hubei,XLB72LRE7DY,621c831a9357ab95bbeccf1e,libero.proin.mi@gmail.com
1956-07-27T18:30:00.000Z,Hunan,LCW95QYE2FQ,621c831a9357ab95bbeccf1f,dapibus.quam@gmail.com
1957-09-29T18:30:00.000Z,Inner Mongolia,RKL04RAJ3TD,621c831a9357ab95bbeccf20,sit@gmail.com
1971-04-28T18:30:00.000Z,Jiangsu,VZA12BOI1BR,621c831a9357ab95bbeccf21,lacinia.vitae@gmail.com
1963-09-22T18:30:00.000Z,Jiangxi,CFD40IIF3KM,621c831a9357ab95bbeccf22,lorem@gmail.com
1944-04-24T17:30:00.000Z,Jilin,OJI61YOD4QM,621c831a9357ab95bbeccf23,eu.lacus.quisque@gmail.com
1956-06-25T18:30:00.000Z,Liaoning,NUN13GHA1AT,621c831a9357ab95bbeccf24,duis.volutpat@gmail.com
1948-04-15T18:30:00.000Z,Ningxia,UJK32VPG6KS,621c831a9357ab95bbeccf25,semper.erat.in@gmail.com
2006-12-18T18:30:00.000Z,Qinghai,BGQ61DSU0PM,621c831a9357ab95bbeccf26,parturient.montes.nascetur@gmail.com
1969-05-11T18:30:00.000Z,Shaanxi,LQG68GNR3KT,621c831a9357ab95bbeccf27,tristique.aliquet@gmail.com
1962-09-15T18:30:00.000Z,Shandong,TMD98MKC2TF,621c831a9357ab95bbeccf28,ligula.eu.enim@gmail.com
2004-06-26T18:00:00.000Z,Shanghai,KPX23HBR4SN,621c831a9357ab95bbeccf29,sed.sem@gmail.com
2003-05-12T18:00:00.000Z,Shanxi,JFR27HHA0JJ,621c831a9357ab95bbeccf2a,fringilla.euismod@gmail.com
1994-09-24T18:30:00.000Z,Sichuan,DTV85ICL9BO,621c831a9357ab95bbeccf2b,congue.elit@gmail.com
2001-01-10T18:00:00.000Z,Anhui,XOI18IKC7WF,621c831a9357ab95bbeccf2c,lorem@gmail.com
1984-07-28T18:30:00.000Z,Beijing,NGE14LFG1QX,621c831a9357ab95bbeccf2d,ipsum.ac@gmail.com
1970-06-26T18:30:00.000Z,Chongqing,PFS31XUE8AL,621c831a9357ab95bbeccf2e,amet.ultricies.sem@gmail.com
1948-06-17T18:30:00.000Z,Fujian,XKT45STY3RU,621c831a9357ab95bbeccf2f,ullamcorper.viverra.maecenas@gmail.com
1944-11-14T17:30:00.000Z,Gansu,GVR30QWK7DC,621c831a9357ab95bbeccf30,sed@gmail.com
1972-08-25T18:30:00.000Z,Guangdong,FOY53UNP2RY,621c831a9357ab95bbeccf31,mattis.cras@gmail.com
1997-06-27T18:00:00.000Z,Guangxi,RRI62YXJ2SN,621c831a9357ab95bbeccf32,suscipit@gmail.com
1992-08-23T18:30:00.000Z,Guizhou,XGH03JLP8MM,621c831a9357ab95bbeccf33,lorem.fringilla.ornare@gmail.com
1992-03-22T18:30:00.000Z,Hainan,WFQ46MTV2OK,621c831a9357ab95bbeccf34,ac.mattis@gmail.com
1973-12-28T18:30:00.000Z,Hebei,HRF67JTN2HK,621c831a9357ab95bbeccf35,nibh.enim@gmail.com
1967-09-02T18:30:00.000Z,Heilongjiang,PTQ06CLP4SG,621c831a9357ab95bbeccf36,magna.cras@gmail.com
1976-07-05T18:30:00.000Z,Henan,WHW18TNS6JU,621c831a9357ab95bbeccf37,luctus.aliquet@gmail.com
1961-06-26T18:30:00.000Z,Hubei,QXC28YUY1TC,621c831a9357ab95bbeccf38,phasellus.dapibus.quam@gmail.com
1989-05-07T18:30:00.000Z,Guangdong,WGM77JCV2BO,621c831a9357ab95bbeccf39,mi@gmail.com
1956-03-25T18:30:00.000Z,Zhejiang,GKS73HYX2FL,621c831a9357ab95bbeccf3a,duis@gmail.com
1985-04-10T18:30:00.000Z,Beijing,UBY08AJQ8SD,621c831a9357ab95bbeccf3b,libero.donec@gmail.com
1965-09-23T18:30:00.000Z,Chongqing,EVF95LKP4JP,621c831a9357ab95bbeccf3c,in.lorem@gmail.com
1977-10-11T18:30:00.000Z,Hunan,LOY71OJU2QD,621c831a9357ab95bbeccf3d,sed.facilisis@gmail.com
1998-05-27T18:00:00.000Z,Guangxi,CRX56YRT6WU,621c831a9357ab95bbeccf3e,dui@gmail.com
1983-07-26T18:30:00.000Z,Shanghai,EEB55YSD6XW,621c831a9357ab95bbeccf3f,eu.arcu@gmail.com
1940-09-09T18:30:00.000Z,Jiangxi,TSJ47YWM4BS,621c831a9357ab95bbeccf40,eu@gmail.com
1993-03-06T18:30:00.000Z,Sichuan,TSD75YTJ2BQ,621c831a9357ab95bbeccf41,nibh.sit.amet@gmail.com
1959-07-18T18:30:00.000Z,Shandong,KQI91CWG6IL,621c831a9357ab95bbeccf42,est.mauris@gmail.com
1998-12-27T18:00:00.000Z,Anhui,IUO61BAL6TC,621c831a9357ab95bbeccf43,dictum@gmail.com
1963-04-13T18:30:00.000Z,Fujian,BOM26BKF4HM,621c831a9357ab95bbeccf44,phasellus.vitae@gmail.com
1958-06-28T18:30:00.000Z,Henan,BQN43FAT1JL,621c831a9357ab95bbeccf45,cras@gmail.com
1980-07-22T18:30:00.000Z,Jiangsu,GKP11WHG0DT,621c831a9357ab95bbeccf46,ultricies.sem.magna@gmail.com
1979-07-25T18:30:00.000Z,Hainan,KWG06PLV3DN,621c831a9357ab95bbeccf47,nunc@gmail.com
2000-08-28T18:00:00.000Z,Tianjin,CNZ24LFW6VC,621c831a9357ab95bbeccf48,id@gmail.com
1984-08-20T18:30:00.000Z,Yunnan,CKW68CLB8OH,621c831a9357ab95bbeccf49,a@gmail.com
2005-07-12T18:00:00.000Z,Shaanxi,SWT62PWM8DR,621c831a9357ab95bbeccf4a,sed@gmail.com
1950-10-24T18:30:00.000Z,Heilongjiang,SIC83BYA8DB,621c831a9357ab95bbeccf4b,non@gmail.com
1948-04-30T18:30:00.000Z,Liaoning,MDO67KDD8VO,621c831a9357ab95bbeccf4c,nonummy.ultricies.ornare@gmail.com
1964-09-24T18:30:00.000Z,Guizhou,BJH65HIH7SE,621c831a9357ab95bbeccf4d,morbi.accumsan@gmail.com
1987-12-02T18:30:00.000Z,Jilin,RJT44NXG5SZ,621c831a9357ab95bbeccf4e,magna.a.tortor@gmail.com
1984-05-14T18:30:00.000Z,Anhui,LQL13SWK3QZ,621c831a9357ab95bbeccf4f,adipiscing.elit@gmail.com
2007-03-05T18:30:00.000Z,Beijing,KBH75XRO2CO,621c831a9357ab95bbeccf50,non.lorem@gmail.com
1975-12-06T18:30:00.000Z,Chongqing,APM11LXI2CH,621c831a9357ab95bbeccf51,massa@gmail.com
1980-04-20T18:30:00.000Z,Fujian,IFQ53NSE1VK,621c831a9357ab95bbeccf52,tristique.pellentesque@gmail.com
1975-07-05T18:30:00.000Z,Gansu,KHX21LGM4WH,621c831a9357ab95bbeccf53,rutrum.non.hendrerit@gmail.com
2002-05-19T18:00:00.000Z,Guangdong,XDI71MWR7RJ,621c831a9357ab95bbeccf54,neque.tellus@gmail.com
1964-05-17T18:30:00.000Z,Guangxi,KXW36WOY2XD,621c831a9357ab95bbeccf55,et.rutrum@gmail.com
1962-01-07T18:30:00.000Z,Guizhou,UHJ23LIR4GK,621c831a9357ab95bbeccf56,suspendisse.sagittis@gmail.com
2005-09-18T18:00:00.000Z,Hainan,XTT75OOJ6NN,621c831a9357ab95bbeccf57,lobortis.ultrices.vivamus@gmail.com
1986-06-19T18:30:00.000Z,Hebei,YYB78SAT4BS,621c831a9357ab95bbeccf58,commodo@gmail.com
1968-11-25T18:30:00.000Z,Heilongjiang,HWB05YXY3DJ,621c831a9357ab95bbeccf59,tristique@gmail.com
1955-08-12T18:30:00.000Z,Henan,RLE83MBD8LK,621c831a9357ab95bbeccf5a,ornare@gmail.com
1984-11-22T18:30:00.000Z,Hubei,FFP71MBE5JG,621c831a9357ab95bbeccf5b,donec.consectetuer@gmail.com
1979-02-17T18:30:00.000Z,Hunan,XAD54LTK6FL,621c831a9357ab95bbeccf5c,venenatis@gmail.com
1961-05-04T18:30:00.000Z,Inner Mongolia,JXW27HGD2PM,621c831a9357ab95bbeccf5d,odio@gmail.com
2004-04-28T18:00:00.000Z,Jiangsu,CCK66HCC8TN,621c831a9357ab95bbeccf5e,in.lorem@gmail.com
2005-12-12T18:00:00.000Z,Jiangxi,CMB28TEL2RD,621c831a9357ab95bbeccf5f,tincidunt.dui@gmail.com
1963-02-23T18:30:00.000Z,Jilin,HFF27WWM9PU,621c831a9357ab95bbeccf60,ridiculus.mus@gmail.com
1990-05-23T18:30:00.000Z,Liaoning,PGW60LKD0YQ,621c831a9357ab95bbeccf61,nunc@gmail.com
1980-04-08T18:30:00.000Z,Ningxia,WGQ13BKE7WS,621c831a9357ab95bbeccf62,lectus.cum@gmail.com
1970-01-09T18:30:00.000Z,Qinghai,SIN65VFR0IY,621c831a9357ab95bbeccf63,diam.sed@gmail.com
1941-10-05T18:30:00.000Z,Shaanxi,UBK83VTG2LB,621c831a9357ab95bbeccf64,dictum.magna@gmail.com
1991-02-24T18:30:00.000Z,Shandong,OTG02GVP3HG,621c831a9357ab95bbeccf65,erat.volutpat@gmail.com
1966-06-03T18:30:00.000Z,Shanghai,GYO82KBI8EY,621c831a9357ab95bbeccf66,est@gmail.com
1952-04-08T18:30:00.000Z,Shanxi,UTV91OBB9JR,621c831a9357ab95bbeccf67,augue.eu@gmail.com
1954-02-05T18:30:00.000Z,Sichuan,YJT73QIU5VT,621c831a9357ab95bbeccf68,dapibus.ligula@gmail.com
2002-10-03T18:00:00.000Z,Anhui,PBS86IZP2KU,621c831a9357ab95bbeccf69,mauris.ut.mi@gmail.com
2000-08-15T18:00:00.000Z,Beijing,FBR18NZT0XL,621c831a9357ab95bbeccf6a,vivamus@gmail.com
1998-02-17T18:00:00.000Z,Chongqing,OIY00RDL1SJ,621c831a9357ab95bbeccf6b,blandit@gmail.com
1955-08-02T18:30:00.000Z,Fujian,SCF75EQN4ML,621c831a9357ab95bbeccf6c,ipsum.nunc.id@gmail.com
1942-11-05T17:30:00.000Z,Gansu,UMW67ZDK8ST,621c831a9357ab95bbeccf6d,duis.gravida.praesent@gmail.com
1974-12-15T18:30:00.000Z,Guangdong,RSZ01FRZ1XI,621c831a9357ab95bbeccf6e,rutrum.justo@gmail.com
1953-06-17T18:30:00.000Z,Guangxi,TNF67YSM0CO,621c831a9357ab95bbeccf6f,vitae.posuere@gmail.com
1996-08-29T17:30:00.000Z,Guizhou,QOZ62IMQ4IY,621c831a9357ab95bbeccf70,sed@gmail.com
1976-12-30T18:30:00.000Z,Hainan,LGB50TOM5DW,621c831a9357ab95bbeccf71,malesuada.vel.venenatis@gmail.com
1994-07-23T18:30:00.000Z,Hebei,XJV13MER4XN,621c831a9357ab95bbeccf72,consequat.nec@gmail.com
2009-06-15T18:30:00.000Z,Heilongjiang,RNE14JLE4FT,621c831a9357ab95bbeccf73,ac.arcu@gmail.com
1967-07-13T18:30:00.000Z,Henan,KMH07TSW7DG,621c831a9357ab95bbeccf74,nunc.id@gmail.com
1985-10-06T18:30:00.000Z,Hubei,IRX45DVX3IX,621c831a9357ab95bbeccf75,nisi.aenean@gmail.com
1997-12-27T18:00:00.000Z,Guangdong,MBY75YBK4JO,621c831a9357ab95bbeccf76,elit@gmail.com
2006-12-12T18:30:00.000Z,Zhejiang,ETQ42VEP7GC,621c831a9357ab95bbeccf77,ac.feugiat.non@gmail.com
1957-04-25T18:30:00.000Z,Beijing,RKB30BBI1MQ,621c831a9357ab95bbeccf78,aliquam.erat@gmail.com
1944-05-26T17:30:00.000Z,Chongqing,DLQ55MJS2DS,621c831a9357ab95bbeccf79,ut@gmail.com
1956-06-29T18:30:00.000Z,Hunan,WGS02DBJ5KF,621c831a9357ab95bbeccf7a,venenatis.vel.faucibus@gmail.com
1946-07-23T18:30:00.000Z,Guangxi,YIE88FRY7UD,621c831a9357ab95bbeccf7b,porta.elit@gmail.com
1995-07-17T18:30:00.000Z,Shanghai,NRC56ELE2FE,621c831a9357ab95bbeccf7c,ut@gmail.com
1947-02-24T18:30:00.000Z,Jiangxi,HHT88DDL4IQ,621c831a9357ab95bbeccf7d,et@gmail.com
1955-05-17T18:30:00.000Z,Sichuan,LHW06ROZ3PA,621c831a9357ab95bbeccf7e,pretium.neque.morbi@gmail.com
2006-02-14T18:00:00.000Z,Shandong,FUA53KJM8NK,621c831a9357ab95bbeccf7f,nibh.vulputate.mauris@gmail.com
2000-05-11T18:00:00.000Z,Anhui,MKC93HHI2KD,621c831a9357ab95bbeccf80,ligula@gmail.com
1941-01-12T18:30:00.000Z,Fujian,NVS58VCK1YO,621c831a9357ab95bbeccf81,risus.in@gmail.com
1984-12-12T18:30:00.000Z,Henan,NMV52DVO8YQ,621c831a9357ab95bbeccf82,faucibus.orci.luctus@gmail.com
1973-07-21T18:30:00.000Z,Jiangsu,EJJ33QSK4UT,621c831a9357ab95bbeccf83,id.ante@gmail.com
1984-03-27T18:30:00.000Z,Hainan,EPT92GBC3WK,621c831a9357ab95bbeccf84,sit.amet@gmail.com
1960-08-06T18:30:00.000Z,Tianjin,RNP12JVU7UO,621c831a9357ab95bbeccf85,integer@gmail.com
1986-01-13T18:30:00.000Z,Yunnan,QPW43AYN2LQ,621c831a9357ab95bbeccf86,gravida.nunc.sed@gmail.com
2000-12-17T18:00:00.000Z,Shaanxi,IAV14FQG6LX,621c831a9357ab95bbeccf87,etiam.vestibulum.massa@gmail.com
1995-07-22T18:30:00.000Z,Heilongjiang,OQR74SXQ4CY,621c831a9357ab95bbeccf88,parturient.montes@gmail.com
1962-07-18T18:30:00.000Z,Liaoning,WEH42EPG1WG,621c831a9357ab95bbeccf89,a.scelerisque.sed@gmail.com
1976-10-25T18:30:00.000Z,Guizhou,HQS27KZB3HB,621c831a9357ab95bbeccf8a,pellentesque.eget@gmail.com
1999-04-26T18:00:00.000Z,Jilin,IIK43TUU1YX,621c831a9357ab95bbeccf8b,adipiscing.lacus@gmail.com
1966-08-10T18:30:00.000Z,Anhui,SEZ27TGE7UC,621c831a9357ab95bbeccf8c,nunc.lectus@gmail.com
1968-11-13T18:30:00.000Z,Beijing,TQH93FFC8VE,621c831a9357ab95bbeccf8d,tristique@gmail.com
1975-08-10T18:30:00.000Z,Chongqing,LFJ80QJP5MC,621c831a9357ab95bbeccf8e,et.tristique@gmail.com
1987-10-12T18:30:00.000Z,Fujian,WJB41VMF7CE,621c831a9357ab95bbeccf8f,turpis@gmail.com
1944-05-28T17:30:00.000Z,Gansu,TBE83RTP2HS,621c831a9357ab95bbeccf90,leo.morbi.neque@gmail.com
2008-01-06T18:30:00.000Z,Guangdong,VTH58WEN8UN,621c831a9357ab95bbeccf91,volutpat@gmail.com
1996-02-26T18:30:00.000Z,Guangxi,HMG19HIT8KO,621c831a9357ab95bbeccf92,mauris.elit@gmail.com
1956-01-13T18:30:00.000Z,Guizhou,GIP40RTS7VI,621c831a9357ab95bbeccf93,egestas.a@gmail.com
1974-08-13T18:30:00.000Z,Hainan,DXH20LUH4VK,621c831a9357ab95bbeccf94,in.cursus.et@gmail.com
2003-02-24T18:00:00.000Z,Hebei,UME41JBV6TR,621c831a9357ab95bbeccf95,et.risus@gmail.com
1944-11-14T17:30:00.000Z,Heilongjiang,HJN91KBE7RD,621c831a9357ab95bbeccf96,sem.vitae@gmail.com
1983-09-15T18:30:00.000Z,Henan,KEJ36BBY2OD,621c831a9357ab95bbeccf97,mattis@gmail.com
1955-12-02T18:30:00.000Z,Hubei,KKI32PDU0YH,621c831a9357ab95bbeccf98,nunc.nulla@gmail.com
1985-01-11T18:30:00.000Z,Hunan,OXZ48ZND4RW,621c831a9357ab95bbeccf99,et@gmail.com
1959-09-26T18:30:00.000Z,Inner Mongolia,IYJ13TLO5JM,621c831a9357ab95bbeccf9a,montes.nascetur@gmail.com
1974-11-07T18:30:00.000Z,Jiangsu,EEA42QHS4CJ,621c831a9357ab95bbeccf9b,nec.imperdiet.nec@gmail.com
1983-11-27T18:30:00.000Z,Jiangxi,GNF53JAM9ML,621c831a9357ab95bbeccf9c,in.ornare@gmail.com
1971-05-27T18:30:00.000Z,Jilin,ETR15CGG4JR,621c831a9357ab95bbeccf9d,lectus.pede@gmail.com
1983-11-06T18:30:00.000Z,Liaoning,DHV23SQS5MP,621c831a9357ab95bbeccf9e,turpis@gmail.com
1995-05-14T18:30:00.000Z,Ningxia,MJC72EOE1HY,621c831a9357ab95bbeccf9f,erat.nonummy@gmail.com
1985-06-04T18:30:00.000Z,Qinghai,MMZ45BBB7ND,621c831a9357ab95bbeccfa0,natoque@gmail.com
2008-06-10T18:30:00.000Z,Shaanxi,NWE88FJL0LC,621c831a9357ab95bbeccfa1,adipiscing.lobortis@gmail.com
1987-08-21T18:30:00.000Z,Shandong,HBY11MYK3TX,621c831a9357ab95bbeccfa2,nibh.vulputate.mauris@gmail.com
1940-06-28T18:30:00.000Z,Shanghai,MEH91PSC3MB,621c831a9357ab95bbeccfa3,metus.eu@gmail.com
1988-10-12T18:30:00.000Z,Shanxi,MFP16KMQ1XD,621c831a9357ab95bbeccfa4,nam@gmail.com
1981-01-04T18:30:00.000Z,Sichuan,MLX41UKV8OM,621c831a9357ab95bbeccfa5,nunc@gmail.com
1961-01-16T18:30:00.000Z,Anhui,DHX12VIL8GD,621c831a9357ab95bbeccfa6,per.inceptos@gmail.com
2003-11-09T18:00:00.000Z,Beijing,XGU24MUV0JJ,621c831a9357ab95bbeccfa7,mauris.sapien@gmail.com
1967-10-09T18:30:00.000Z,Chongqing,ULH08QXR1YA,621c831a9357ab95bbeccfa8,sit.amet.diam@gmail.com
1956-06-11T18:30:00.000Z,Fujian,QMJ33AKH0PR,621c831a9357ab95bbeccfa9,porttitor@gmail.com
1961-08-29T18:30:00.000Z,Gansu,GKR25TFR2OQ,621c831a9357ab95bbeccfaa,ut.pharetra.sed@gmail.com
1968-11-21T18:30:00.000Z,Guangdong,TVV66IHP3BS,621c831a9357ab95bbeccfab,nec.malesuada@gmail.com
1976-02-16T18:30:00.000Z,Guangxi,OZJ32NBK7HO,621c831a9357ab95bbeccfac,duis.sit@gmail.com
1952-09-04T18:30:00.000Z,Guizhou,WYR16GVH8HO,621c831a9357ab95bbeccfad,mauris@gmail.com
1998-02-13T18:00:00.000Z,Hainan,HRR41NFV7LF,621c831a9357ab95bbeccfae,penatibus.et@gmail.com
1953-09-08T18:30:00.000Z,Hebei,EJE28JSK4YC,621c831a9357ab95bbeccfaf,eu@gmail.com
2007-08-24T18:30:00.000Z,Heilongjiang,TIM65ETO3TR,621c831a9357ab95bbeccfb0,id.ante@gmail.com
1943-06-08T17:30:00.000Z,Henan,YRH15RBB9WD,621c831a9357ab95bbeccfb1,lorem.ipsum@gmail.com
1942-03-20T18:00:00.000Z,Hubei,MHT44KXB7HA,621c831a9357ab95bbeccfb2,metus.sit@gmail.com
1996-07-01T17:30:00.000Z,Guangdong,OWI62SVW3TK,621c831a9357ab95bbeccfb3,aliquet.phasellus@gmail.com
1953-03-17T18:30:00.000Z,Zhejiang,KAC81MDR5OB,621c831a9357ab95bbeccfb4,ipsum.suspendisse@gmail.com
1959-10-31T18:30:00.000Z,Beijing,EPG05FNC5NG,621c831a9357ab95bbeccfb5,mauris.ut.quam@gmail.com
1961-04-16T18:30:00.000Z,Chongqing,LPD32LWM5DH,621c831a9357ab95bbeccfb6,molestie.dapibus@gmail.com
1957-02-02T18:30:00.000Z,Hunan,YUJ61TLH4XO,621c831a9357ab95bbeccfb7,varius.nam.porttitor@gmail.com
1997-02-10T18:00:00.000Z,Guangxi,IEU33PJH5KT,621c831a9357ab95bbeccfb8,leo.morbi@gmail.com
1982-01-07T18:30:00.000Z,Shanghai,PRZ76JZS7JI,621c831a9357ab95bbeccfb9,ipsum.suspendisse.non@gmail.com
1957-11-17T18:30:00.000Z,Jiangxi,TUC56ZCB3XD,621c831a9357ab95bbeccfba,sapien.nunc@gmail.com
1994-07-27T18:30:00.000Z,Sichuan,HNQ97MJH8LR,621c831a9357ab95bbeccfbb,magna.nam@gmail.com
1994-08-30T18:30:00.000Z,Shandong,EXL73EDV2FR,621c831a9357ab95bbeccfbc,dolor.nonummy@gmail.com
1978-05-20T18:30:00.000Z,Anhui,CLS52FQL8FY,621c831a9357ab95bbeccfbd,eu.metus@gmail.com
1978-03-22T18:30:00.000Z,Fujian,XKB34RJS3KP,621c831a9357ab95bbeccfbe,ullamcorper.duis@gmail.com
1972-01-26T18:30:00.000Z,Henan,BDG94BVH1ZO,621c831a9357ab95bbeccfbf,velit.cras@gmail.com
1960-04-06T18:30:00.000Z,Jiangsu,MHD07DFV7YX,621c831a9357ab95bbeccfc0,mus.aenean@gmail.com
1944-08-26T17:30:00.000Z,Hainan,DVN62JKI2AZ,621c831a9357ab95bbeccfc1,justo@gmail.com
1998-11-04T18:00:00.000Z,Tianjin,XZK31LLW3RW,621c831a9357ab95bbeccfc2,mollis.nec.cursus@gmail.com
1942-08-09T18:00:00.000Z,Yunnan,OCD76VTE9WM,621c831a9357ab95bbeccfc3,elementum@gmail.com
2000-08-19T18:00:00.000Z,Shaanxi,MNJ47QHL5GD,621c831a9357ab95bbeccfc4,erat.eget.tincidunt@gmail.com
1979-06-15T18:30:00.000Z,Heilongjiang,SOQ34NSG4JT,621c831a9357ab95bbeccfc5,non.dui@gmail.com
1989-09-06T18:30:00.000Z,Liaoning,BTG94UGZ8WN,621c831a9357ab95bbeccfc6,montes.nascetur.ridiculus@gmail.com
1964-08-05T18:30:00.000Z,Guizhou,TXK15NDE5JP,621c831a9357ab95bbeccfc7,ut.nec@gmail.com
1958-03-18T18:30:00.000Z,Jilin,PXP56JPR4DG,621c831a9357ab95bbeccfc8,molestie.sed@gmail.com
1978-12-27T18:30:00.000Z,Shanghai,LXE16ZWN2ET,621c831a9357ab95bbeccfc9,vel@gmail.com
1961-08-18T18:30:00.000Z,Henan,XNE16RWU2OL,621c831a9357ab95bbeccfca,massa.rutrum@gmail.com
1998-09-18T18:00:00.000Z,Sichuan,UUY91VGH5KE,621c831a9357ab95bbeccfcb,purus.sapien@gmail.com
1985-01-01T18:30:00.000Z,Shandong,UIF85YNM1JH,621c831a9357ab95bbeccfcc,eu@gmail.com
2000-11-21T18:00:00.000Z,Guangxi,BSG40BTI1YM,621c831a9357ab95bbeccfcd,praesent@gmail.com
1976-09-21T18:30:00.000Z,Hainan,RCA51KNB2BN,621c831a9357ab95bbeccfce,augue.malesuada@gmail.com
1959-10-06T18:30:00.000Z,Jiangxi,XVG85IQM7RY,621c831a9357ab95bbeccfcf,nonummy@gmail.com
1999-03-15T18:00:00.000Z,Fujian,JYB61ROF1AS,621c831a9357ab95bbeccfd0,duis.risus@gmail.com
1940-06-29T18:30:00.000Z,Jiangsu,HWQ12WDY2EG,621c831a9357ab95bbeccfd1,ornare.sagittis.felis@gmail.com
1976-04-21T18:30:00.000Z,Liaoning,RIN75RRW5ID,621c831a9357ab95bbeccfd2,augue.scelerisque.mollis@gmail.com
2004-09-09T18:00:00.000Z,Shaanxi,KUN65CDC7YV,621c831a9357ab95bbeccfd3,lobortis.tellus.justo@gmail.com
1953-08-02T18:30:00.000Z,Yunnan,MXM64UCY9PZ,621c831a9357ab95bbeccfd4,varius.nam.porttitor@gmail.com
1974-04-27T18:30:00.000Z,Tianjin,LTY50YHM5MW,621c831a9357ab95bbeccfd5,mollis.nec.cursus@gmail.com
1985-10-19T18:30:00.000Z,Heilongjiang,ECL27CCY5IK,621c831a9357ab95bbeccfd6,eu.lacus.quisque@gmail.com
1960-06-27T18:30:00.000Z,Hebei,VAR77JHH6BR,621c831a9357ab95bbeccfd7,risus.morbi@gmail.com
1979-02-15T18:30:00.000Z,Inner Mongolia,MDB99OOY5PB,621c831a9357ab95bbeccfd8,sed@gmail.com
1977-10-30T18:30:00.000Z,Shanxi,THM72LWQ4JJ,621c831a9357ab95bbeccfd9,lacus.ut@gmail.com
1951-12-20T18:30:00.000Z,Shanghai,MYG82RXE3DJ,621c831a9357ab95bbeccfda,curabitur.sed.tortor@gmail.com
1983-08-25T18:30:00.000Z,Henan,VXW27EZB3XM,621c831a9357ab95bbeccfdb,enim@gmail.com
1971-05-17T18:30:00.000Z,Sichuan,YRR31CWH7YY,621c831a9357ab95bbeccfdc,cursus.non.egestas@gmail.com
1950-08-07T18:30:00.000Z,Shandong,DBC51TMJ7CR,621c831a9357ab95bbeccfdd,augue.porttitor@gmail.com
1977-10-21T18:30:00.000Z,Guangxi,PON54XPW8KU,621c831a9357ab95bbeccfde,eu.placerat@gmail.com
1945-03-02T17:30:00.000Z,Hainan,TCN37RCM3CA,621c831a9357ab95bbeccfdf,in.lobortis@gmail.com
1992-07-11T18:30:00.000Z,Jiangxi,DLN23ILS2RI,621c831a9357ab95bbeccfe0,sed@gmail.com
1963-12-22T18:30:00.000Z,Fujian,UPG66JJB5FP,621c831a9357ab95bbeccfe1,consectetuer.rhoncus@gmail.com
1951-10-19T18:30:00.000Z,Jiangsu,XWG14WQY3QZ,621c831a9357ab95bbeccfe2,vivamus.non@gmail.com
1966-08-21T18:30:00.000Z,Liaoning,OVY37IML7PL,621c831a9357ab95bbeccfe3,aliquet.nec@gmail.com
1970-04-08T18:30:00.000Z,Shaanxi,QBP60FCW6OM,621c831a9357ab95bbeccfe4,libero.integer@gmail.com
1950-02-11T18:30:00.000Z,Yunnan,DIR45RHW7VU,621c831a9357ab95bbeccfe5,aliquam.erat.volutpat@gmail.com
1978-12-10T18:30:00.000Z,Tianjin,FGR28MOJ3PP,621c831a9357ab95bbeccfe6,ante@gmail.com
1956-07-06T18:30:00.000Z,Heilongjiang,THZ34EXB0BH,621c831a9357ab95bbeccfe7,rutrum.lorem@gmail.com
1953-01-07T18:30:00.000Z,Hebei,MGY03DGE4NH,621c831a9357ab95bbeccfe8,duis.mi.enim@gmail.com
1979-08-15T18:30:00.000Z,Inner Mongolia,RQO36ZGB7UT,621c831a9357ab95bbeccfe9,morbi.quis@gmail.com
1976-07-18T18:30:00.000Z,Shanxi,LOC69FEL5PU,621c831a9357ab95bbeccfea,dui.suspendisse@gmail.com
1965-03-16T18:30:00.000Z,Anhui,AML78JEK8LP,621c831a9357ab95bbeccfeb,felis.nulla@gmail.com
1960-01-28T18:30:00.000Z,Beijing,LOW45RJB7CM,621c831a9357ab95bbeccfec,magna.duis.dignissim@gmail.com
1971-10-09T18:30:00.000Z,Chongqing,VDH04TCR0XS,621c831a9357ab95bbeccfed,amet.luctus@gmail.com
1945-03-31T17:30:00.000Z,Fujian,IRU44DLO5DD,621c831a9357ab95bbeccfee,semper@gmail.com
1948-12-18T18:30:00.000Z,Gansu,WWB30NTJ3HP,621c831a9357ab95bbeccfef,elit.a.feugiat@gmail.com
1990-07-21T18:30:00.000Z,Guangdong,WXN26OOT1QY,621c831a9357ab95bbeccff0,tempus.non@gmail.com
1960-08-05T18:30:00.000Z,Guangxi,DHJ50SDL5NN,621c831a9357ab95bbeccff1,in.tincidunt@gmail.com
1946-08-31T18:30:00.000Z,Guizhou,XSF91RFW7LU,621c831a9357ab95bbeccff2,ac.ipsum@gmail.com
1953-06-03T18:30:00.000Z,Hainan,KUB25IEI7AC,621c831a9357ab95bbeccff3,tempor.erat.neque@gmail.com
1978-12-15T18:30:00.000Z,Hebei,FPO73JMB1XY,621c831a9357ab95bbeccff4,tortor.nunc.commodo@gmail.com
2004-12-19T18:00:00.000Z,Heilongjiang,CFW83MBH3DF,621c831a9357ab95bbeccff5,eleifend.egestas.sed@gmail.com
1994-06-07T18:30:00.000Z,Henan,GEN39RMB5SN,621c831a9357ab95bbeccff6,ligula.consectetuer@gmail.com
1997-03-21T18:00:00.000Z,Hubei,XBW67NPW0OO,621c831a9357ab95bbeccff7,aenean.eget.magna@gmail.com
1984-05-25T18:30:00.000Z,Hunan,HVZ91LPE5AW,621c831a9357ab95bbeccff8,curae.phasellus@gmail.com
1959-02-27T18:30:00.000Z,Inner Mongolia,LXS57AQB2QW,621c831a9357ab95bbeccff9,risus@gmail.com
1964-09-03T18:30:00.000Z,Jiangsu,HUC01FOG1MG,621c831a9357ab95bbeccffa,nonummy.ut@gmail.com
1963-04-10T18:30:00.000Z,Jiangxi,MHE31FNJ1ID,621c831a9357ab95bbeccffb,nam@gmail.com
1967-03-07T18:30:00.000Z,Jilin,FAY51NZB1UJ,621c831a9357ab95bbeccffc,sed.consequat@gmail.com
1960-12-11T18:30:00.000Z,Liaoning,MWF41ISE2KZ,621c831a9357ab95bbeccffd,nibh.sit@gmail.com
1988-09-04T18:30:00.000Z,Ningxia,QOS24MFW1JF,621c831a9357ab95bbeccffe,pellentesque@gmail.com
1984-05-14T18:30:00.000Z,Qinghai,FKK33TIS5XS,621c831a9357ab95bbeccfff,elementum@gmail.com
1962-07-31T18:30:00.000Z,Shaanxi,JWG51LIN8CQ,621c831a9357ab95bbecd000,ut.dolor@gmail.com
2002-07-28T18:00:00.000Z,Shandong,RUC33QEG3DH,621c831a9357ab95bbecd001,vivamus.euismod@gmail.com
1992-07-10T18:30:00.000Z,Shanghai,IJG36ZJT5SG,621c831a9357ab95bbecd002,ut@gmail.com
2009-01-26T18:30:00.000Z,Shanxi,QZJ58UMS2RI,621c831a9357ab95bbecd003,non.magna@gmail.com
1941-07-21T18:30:00.000Z,Sichuan,GNO28NRH1ZG,621c831a9357ab95bbecd004,ullamcorper@gmail.com
1941-10-21T18:30:00.000Z,Anhui,ITM68NCM1VU,621c831a9357ab95bbecd005,augue.ac@gmail.com
1940-10-19T18:30:00.000Z,Beijing,VVE87HPG2MM,621c831a9357ab95bbecd006,mauris.vel@gmail.com
1958-05-19T18:30:00.000Z,Chongqing,IDR14XPC7JP,621c831a9357ab95bbecd007,fringilla.donec@gmail.com
1964-02-13T18:30:00.000Z,Fujian,SIQ27VHN5SK,621c831a9357ab95bbecd008,eget@gmail.com
1998-02-14T18:00:00.000Z,Gansu,CXH27MSA6JV,621c831a9357ab95bbecd009,molestie@gmail.com
1966-03-10T18:30:00.000Z,Guangdong,EBP57CJB5RV,621c831a9357ab95bbecd00a,aliquam.nec@gmail.com
1999-10-23T18:00:00.000Z,Guangxi,PBG49DPC4LV,621c831a9357ab95bbecd00b,sit.amet.risus@gmail.com
1947-09-03T18:30:00.000Z,Guizhou,GHT50YCJ7OS,621c831a9357ab95bbecd00c,rutrum@gmail.com
1973-09-17T18:30:00.000Z,Hainan,HCB32LMB4OI,621c831a9357ab95bbecd00d,libero@gmail.com
1972-05-22T18:30:00.000Z,Hebei,CDC28PCI7VN,621c831a9357ab95bbecd00e,tempor@gmail.com
1959-07-25T18:30:00.000Z,Heilongjiang,WPV23YHF1HG,621c831a9357ab95bbecd00f,ultrices.a@gmail.com
1978-12-09T18:30:00.000Z,Henan,QKC22NXP7DG,621c831a9357ab95bbecd010,penatibus.et@gmail.com
1970-07-17T18:30:00.000Z,Hubei,CPE50SJU2NE,621c831a9357ab95bbecd011,diam@gmail.com
1979-11-11T18:30:00.000Z,Guangdong,OKB70SVJ4GQ,621c831a9357ab95bbecd012,amet@gmail.com
1947-03-26T18:30:00.000Z,Zhejiang,FWP88XNY6XP,621c831a9357ab95bbecd013,amet.metus@gmail.com
2001-11-26T18:00:00.000Z,Beijing,UYR51SCX2SF,621c831a9357ab95bbecd014,tristique.pharetra@gmail.com
2008-05-30T18:30:00.000Z,Chongqing,NBO01UCG3DL,621c831a9357ab95bbecd015,velit.quisque@gmail.com
1942-04-08T18:00:00.000Z,Hunan,OEI54OOV9QM,621c831a9357ab95bbecd016,arcu.ac@gmail.com
1963-04-15T18:30:00.000Z,Guangxi,QBR12TXY4MH,621c831a9357ab95bbecd017,metus.eu@gmail.com
2008-05-18T18:30:00.000Z,Shanghai,WPS58HDH5WP,621c831a9357ab95bbecd018,morbi.quis@gmail.com
2002-12-03T18:00:00.000Z,Jiangxi,JJM27KJY5JG,621c831a9357ab95bbecd019,in.condimentum@gmail.com
1965-07-14T18:30:00.000Z,Sichuan,ODZ71FQN2IM,621c831a9357ab95bbecd01a,eros.nec.tellus@gmail.com
2005-08-21T18:00:00.000Z,Shandong,QZL66KEU5FO,621c831a9357ab95bbecd01b,ut.nulla.cras@gmail.com
1944-08-16T17:30:00.000Z,Anhui,SEI15DHI4EY,621c831a9357ab95bbecd01c,sem@gmail.com
1989-11-23T18:30:00.000Z,Fujian,GGO16CMJ0OK,621c831a9357ab95bbecd01d,libero.at.auctor@gmail.com
1991-10-01T18:30:00.000Z,Henan,WVO08CYN8NB,621c831a9357ab95bbecd01e,erat.etiam.vestibulum@gmail.com
1941-07-20T18:30:00.000Z,Jiangsu,ERY13YPW9GX,621c831a9357ab95bbecd01f,sapien.nunc.pulvinar@gmail.com
1987-05-10T18:30:00.000Z,Hainan,DQW52VVZ1HF,621c831a9357ab95bbecd020,in.scelerisque@gmail.com
1943-09-06T17:30:00.000Z,Tianjin,UWI41IIX7VY,621c831a9357ab95bbecd021,tellus.justo@gmail.com
1959-10-10T18:30:00.000Z,Yunnan,MSI28PEO3GX,621c831a9357ab95bbecd022,nec.imperdiet.nec@gmail.com
1947-02-14T18:30:00.000Z,Shaanxi,LLH27FOG7BE,621c831a9357ab95bbecd023,elementum.lorem@gmail.com
1995-06-17T18:30:00.000Z,Heilongjiang,JYF12DTD9XI,621c831a9357ab95bbecd024,massa.suspendisse@gmail.com
1979-03-24T18:30:00.000Z,Liaoning,BQN52JOG0OG,621c831a9357ab95bbecd025,vel.pede@gmail.com
1965-05-20T18:30:00.000Z,Guizhou,TJW51ENP9RF,621c831a9357ab95bbecd026,suspendisse.sagittis@gmail.com
1970-02-14T18:30:00.000Z,Jilin,LEO21GYX5UC,621c831a9357ab95bbecd027,sit.amet@gmail.com
2002-03-06T18:00:00.000Z,Anhui,AJG14OJO4SE,621c831a9357ab95bbecd028,mauris.molestie@gmail.com
2002-01-02T18:00:00.000Z,Beijing,RNN48MPG3CX,621c831a9357ab95bbecd029,malesuada.fames@gmail.com
1981-01-24T18:30:00.000Z,Chongqing,XXE42PEZ2CJ,621c831a9357ab95bbecd02a,rutrum@gmail.com
1983-07-09T18:30:00.000Z,Fujian,XFQ84RBU8LW,621c831a9357ab95bbecd02b,cras.dictum.ultricies@gmail.com
1949-11-21T18:30:00.000Z,Gansu,EJX85ANA8QZ,621c831a9357ab95bbecd02c,maecenas.iaculis@gmail.com
1979-03-30T18:30:00.000Z,Guangdong,MFL62CJI3MG,621c831a9357ab95bbecd02d,mauris.morbi@gmail.com
1999-06-16T18:00:00.000Z,Guangxi,XWQ45LNK4XS,621c831a9357ab95bbecd02e,magna.et.ipsum@gmail.com
1953-05-14T18:30:00.000Z,Guizhou,GIL52QPQ6CM,621c831a9357ab95bbecd02f,hymenaeos.mauris@gmail.com
1985-04-19T18:30:00.000Z,Hainan,QQS17LVY8KX,621c831a9357ab95bbecd030,orci.tincidunt.adipiscing@gmail.com
1983-05-27T18:30:00.000Z,Hebei,LVY81ZUI8KY,621c831a9357ab95bbecd031,nisl.nulla@gmail.com
1988-03-29T18:30:00.000Z,Heilongjiang,HGX85KBE4BV,621c831a9357ab95bbecd032,tellus.nunc.lectus@gmail.com
1974-04-30T18:30:00.000Z,Henan,VZK45PSI4XQ,621c831a9357ab95bbecd033,porttitor@gmail.com
1949-06-16T18:30:00.000Z,Hubei,GRO74QPO7BF,621c831a9357ab95bbecd034,congue@gmail.com
1991-03-04T18:30:00.000Z,Hunan,WJI63XYZ2YR,621c831a9357ab95bbecd035,semper.auctor.mauris@gmail.com
1949-08-17T18:30:00.000Z,Inner Mongolia,NPG55VLQ0UW,621c831a9357ab95bbecd036,amet@gmail.com
1996-04-08T18:30:00.000Z,Jiangsu,JLQ33TRH8XW,621c831a9357ab95bbecd037,ut@gmail.com
1957-03-29T18:30:00.000Z,Jiangxi,LHB83VEN1DR,621c831a9357ab95bbecd038,varius.orci@gmail.com
1966-08-08T18:30:00.000Z,Jilin,BUG58LWX0RI,621c831a9357ab95bbecd039,et.magnis@gmail.com
1953-04-23T18:30:00.000Z,Liaoning,MRK82BOV7SX,621c831a9357ab95bbecd03a,elit.pede@gmail.com
1981-04-08T18:30:00.000Z,Ningxia,MUH87OFR1OE,621c831a9357ab95bbecd03b,malesuada.vel@gmail.com
1991-07-30T18:30:00.000Z,Qinghai,UWQ58DDB3OI,621c831a9357ab95bbecd03c,molestie.sodales@gmail.com
1979-10-08T18:30:00.000Z,Shaanxi,OUC41NNC3UX,621c831a9357ab95bbecd03d,libero.at.auctor@gmail.com
1946-08-19T18:30:00.000Z,Shandong,SEM05NJT9BN,621c831a9357ab95bbecd03e,suspendisse@gmail.com
2000-08-18T18:00:00.000Z,Shanghai,MLG58XUO0PC,621c831a9357ab95bbecd03f,erat@gmail.com
1966-09-18T18:30:00.000Z,Shanxi,CXK75QXA0HQ,621c831a9357ab95bbecd040,primis.in@gmail.com
1983-04-30T18:30:00.000Z,Sichuan,XPI99FXN0WU,621c831a9357ab95bbecd041,proin.vel@gmail.com
1941-11-08T18:30:00.000Z,Anhui,TGE01ESR2QT,621c831a9357ab95bbecd042,duis.at@gmail.com
1963-12-02T18:30:00.000Z,Beijing,KPT17ZWJ9UW,621c831a9357ab95bbecd043,enim.condimentum@gmail.com
1977-12-19T18:30:00.000Z,Chongqing,BYA48IPE5LF,621c831a9357ab95bbecd044,posuere.cubilia@gmail.com
1995-09-07T18:30:00.000Z,Fujian,LFB58JCE4VU,621c831a9357ab95bbecd045,pellentesque.massa@gmail.com
1940-08-27T18:30:00.000Z,Gansu,PTV64PLC1GU,621c831a9357ab95bbecd046,dolor.vitae@gmail.com
1999-12-28T18:00:00.000Z,Guangdong,PBN25LBP3EI,621c831a9357ab95bbecd047,sed.leo.cras@gmail.com
1941-01-15T18:30:00.000Z,Guangxi,JJC53ABR6LH,621c831a9357ab95bbecd048,vel.est@gmail.com
2007-09-12T18:30:00.000Z,Guizhou,RJQ37XSO8QP,621c831a9357ab95bbecd049,enim.nunc@gmail.com
1967-12-29T18:30:00.000Z,Hainan,IAH45AQO5WS,621c831a9357ab95bbecd04a,sed@gmail.com
1941-02-04T18:30:00.000Z,Hebei,IUF61EOW7WP,621c831a9357ab95bbecd04b,id.nunc@gmail.com
1959-03-24T18:30:00.000Z,Heilongjiang,AQG80FIL6FX,621c831a9357ab95bbecd04c,ligula@gmail.com
1996-09-29T17:30:00.000Z,Henan,SYN96CDG6KG,621c831a9357ab95bbecd04d,fusce@gmail.com
1980-07-05T18:30:00.000Z,Hubei,QDK34IIZ6RQ,621c831a9357ab95bbecd04e,lacus.ut@gmail.com
1949-11-20T18:30:00.000Z,Guangdong,LTG32ZRG8EE,621c831a9357ab95bbecd04f,at.pede.cras@gmail.com
2009-04-02T18:30:00.000Z,Zhejiang,TDB47CLH4SQ,621c831a9357ab95bbecd050,facilisis.lorem.tristique@gmail.com
1982-01-30T18:30:00.000Z,Beijing,UMA39DYT0MQ,621c831a9357ab95bbecd051,non.leo@gmail.com
1969-01-10T18:30:00.000Z,Chongqing,VVD04HYW4RD,621c831a9357ab95bbecd052,placerat.eget@gmail.com
1949-04-06T18:30:00.000Z,Hunan,QPD04FET7HO,621c831a9357ab95bbecd053,proin.non@gmail.com
2004-01-29T18:00:00.000Z,Guangxi,CFB45VGI5DI,621c831a9357ab95bbecd054,fringilla.euismod@gmail.com
1981-03-03T18:30:00.000Z,Shanghai,TNS75DFO9ME,621c831a9357ab95bbecd055,dapibus.id@gmail.com
1949-02-18T18:30:00.000Z,Jiangxi,DSQ55SJY4PV,621c831a9357ab95bbecd056,enim.consequat@gmail.com
1978-04-15T18:30:00.000Z,Sichuan,CGD10UTY9SY,621c831a9357ab95bbecd057,tincidunt.aliquam@gmail.com
2008-07-17T18:30:00.000Z,Shandong,GOQ94ROT7EJ,621c831a9357ab95bbecd058,sit.amet@gmail.com
1961-02-03T18:30:00.000Z,Anhui,XST19MGT0YX,621c831a9357ab95bbecd059,in@gmail.com
1981-02-11T18:30:00.000Z,Fujian,DIZ20OZF9WL,621c831a9357ab95bbecd05a,erat@gmail.com
1970-10-04T18:30:00.000Z,Henan,SXC26PHG0DM,621c831a9357ab95bbecd05b,fusce.fermentum.fermentum@gmail.com
1945-11-06T18:30:00.000Z,Jiangsu,RUR68UMY5DR,621c831a9357ab95bbecd05c,odio.tristique@gmail.com
1957-10-19T18:30:00.000Z,Hainan,CDC21ELF3UO,621c831a9357ab95bbecd05d,sed.malesuada@gmail.com
1943-05-24T17:30:00.000Z,Tianjin,FRT02HRQ8GB,621c831a9357ab95bbecd05e,tempor@gmail.com
1984-04-28T18:30:00.000Z,Yunnan,IGF75DLQ2DL,621c831a9357ab95bbecd05f,nulla@gmail.com
1948-08-14T18:30:00.000Z,Shaanxi,DVI40LQW9UU,621c831a9357ab95bbecd060,tempor.lorem.eget@gmail.com
2008-04-13T18:30:00.000Z,Heilongjiang,AWG24XEL9FG,621c831a9357ab95bbecd061,aliquet@gmail.com
1997-10-22T18:00:00.000Z,Liaoning,JXD77FUD1QV,621c831a9357ab95bbecd062,faucibus.morbi.vehicula@gmail.com
1957-10-26T18:30:00.000Z,Guizhou,GTB11SIJ6MD,621c831a9357ab95bbecd063,hendrerit@gmail.com
1977-06-03T18:30:00.000Z,Jilin,BTK35YEJ6KM,621c831a9357ab95bbecd064,vestibulum@gmail.com
2005-12-25T18:00:00.000Z,Anhui,TES77UUL4UO,621c831a9357ab95bbecd065,nibh.aliquam.ornare@gmail.com
1953-12-12T18:30:00.000Z,Beijing,LND45KDW2QE,621c831a9357ab95bbecd066,mi.lorem@gmail.com
1948-08-09T18:30:00.000Z,Chongqing,YGT54BLP4DQ,621c831a9357ab95bbecd067,nulla.tempor@gmail.com
1976-04-09T18:30:00.000Z,Fujian,VOM62NJM7FM,621c831a9357ab95bbecd068,parturient.montes@gmail.com
1985-12-31T18:30:00.000Z,Gansu,BUF74OQX8MR,621c831a9357ab95bbecd069,magnis.dis@gmail.com
1996-04-09T18:30:00.000Z,Guangdong,NWY22XXJ1JV,621c831a9357ab95bbecd06a,nec.tellus@gmail.com
1974-11-03T18:30:00.000Z,Guangxi,XZW17TAW5IM,621c831a9357ab95bbecd06b,nonummy.ut@gmail.com
2006-01-31T18:00:00.000Z,Guizhou,WYX65VDR4XU,621c831a9357ab95bbecd06c,aliquet.vel@gmail.com
1980-08-15T18:30:00.000Z,Hainan,CCI14QKI3MF,621c831a9357ab95bbecd06d,orci.ut@gmail.com
1978-04-29T18:30:00.000Z,Hebei,QXV54ERU4JP,621c831a9357ab95bbecd06e,odio.phasellus.at@gmail.com
1993-10-31T18:30:00.000Z,Heilongjiang,CUF15MPV6PO,621c831a9357ab95bbecd06f,viverra@gmail.com
1973-10-18T18:30:00.000Z,Henan,FTH21HLW6DY,621c831a9357ab95bbecd070,auctor.velit.eget@gmail.com
1946-08-22T18:30:00.000Z,Hubei,BVC58OLK1BD,621c831a9357ab95bbecd071,lacinia.mattis@gmail.com
1973-01-29T18:30:00.000Z,Hunan,HMX42NYH0PJ,621c831a9357ab95bbecd072,tincidunt@gmail.com
1998-11-09T18:00:00.000Z,Inner Mongolia,VIC44RQW4II,621c831a9357ab95bbecd073,velit.justo.nec@gmail.com
1992-09-10T18:30:00.000Z,Jiangsu,SOM86WRT7EN,621c831a9357ab95bbecd074,aliquet.molestie.tellus@gmail.com
1943-01-23T17:30:00.000Z,Jiangxi,MTQ62HEG7KY,621c831a9357ab95bbecd075,risus.donec@gmail.com
1954-10-12T18:30:00.000Z,Jilin,UWI65YPW5OP,621c831a9357ab95bbecd076,accumsan@gmail.com
1974-02-03T18:30:00.000Z,Liaoning,GXL85LME4GQ,621c831a9357ab95bbecd077,erat.eget.tincidunt@gmail.com
1941-04-23T18:30:00.000Z,Ningxia,SZE19JUP6MG,621c831a9357ab95bbecd078,lorem@gmail.com
1960-07-04T18:30:00.000Z,Qinghai,QRZ14AQD3XS,621c831a9357ab95bbecd079,mi.tempor@gmail.com
2002-09-18T18:00:00.000Z,Shaanxi,HCH41WHY6DI,621c831a9357ab95bbecd07a,sed@gmail.com
2003-03-29T18:00:00.000Z,Shandong,IEY96GFJ8UV,621c831a9357ab95bbecd07b,placerat.velit@gmail.com
1994-04-21T18:30:00.000Z,Shanghai,SEU34WII5XV,621c831a9357ab95bbecd07c,convallis.est.vitae@gmail.com
1953-02-26T18:30:00.000Z,Shanxi,QBQ50XFK5JM,621c831a9357ab95bbecd07d,libero.lacus@gmail.com
1940-04-03T18:30:00.000Z,Sichuan,SRY71CDE1PM,621c831a9357ab95bbecd07e,ornare@gmail.com
1963-02-02T18:30:00.000Z,Anhui,TSK52MNG8RF,621c831a9357ab95bbecd07f,semper.erat@gmail.com
1998-06-03T18:00:00.000Z,Beijing,ZKJ34XRP0KY,621c831a9357ab95bbecd080,magnis.dis.parturient@gmail.com
1951-09-07T18:30:00.000Z,Chongqing,EEH43AAD5ZT,621c831a9357ab95bbecd081,suspendisse.commodo@gmail.com
1994-04-13T18:30:00.000Z,Fujian,OGK30KXD5RK,621c831a9357ab95bbecd082,consectetuer.ipsum.nunc@gmail.com
1941-11-24T18:30:00.000Z,Gansu,OVO24URL3UC,621c831a9357ab95bbecd083,luctus.et.ultrices@gmail.com
1975-11-18T18:30:00.000Z,Guangdong,DRD72DGB5ZK,621c831a9357ab95bbecd084,nulla@gmail.com
2008-04-19T18:30:00.000Z,Guangxi,VQG60EIM5MW,621c831a9357ab95bbecd085,tristique.aliquet.phasellus@gmail.com
1999-04-02T18:00:00.000Z,Guizhou,OLI56XUI6WK,621c831a9357ab95bbecd086,libero.nec.ligula@gmail.com
1991-10-15T18:30:00.000Z,Hainan,HLT22RUP2HG,621c831a9357ab95bbecd087,aliquet.diam@gmail.com
1959-12-27T18:30:00.000Z,Hebei,VBO56JNO7IP,621c831a9357ab95bbecd088,et.commodo.at@gmail.com
1974-01-13T18:30:00.000Z,Heilongjiang,PSB37BES1BV,621c831a9357ab95bbecd089,in@gmail.com
1974-07-19T18:30:00.000Z,Henan,RHY33HMB6KW,621c831a9357ab95bbecd08a,elit.pellentesque.a@gmail.com
1942-02-08T18:00:00.000Z,Hubei,FQC71PMF6QL,621c831a9357ab95bbecd08b,et.magnis.dis@gmail.com
1976-04-15T18:30:00.000Z,Guangdong,OBE32GZM7WB,621c831a9357ab95bbecd08c,tempus.scelerisque@gmail.com
1988-02-25T18:30:00.000Z,Zhejiang,OTH99MFY0PC,621c831a9357ab95bbecd08d,amet.dapibus@gmail.com
1987-08-20T18:30:00.000Z,Beijing,GZF82XEP6KR,621c831a9357ab95bbecd08e,etiam.ligula.tortor@gmail.com
1941-12-13T18:30:00.000Z,Chongqing,BON26HGC1WG,621c831a9357ab95bbecd08f,a.facilisis.non@gmail.com
1981-11-25T18:30:00.000Z,Hunan,AFV40AXR0YU,621c831a9357ab95bbecd090,mauris.rhoncus.id@gmail.com
1995-08-04T18:30:00.000Z,Guangxi,NUG35CTG1HI,621c831a9357ab95bbecd091,libero.integer@gmail.com
1956-02-04T18:30:00.000Z,Shanghai,DDA07TNG1QG,621c831a9357ab95bbecd092,a.facilisis.non@gmail.com
1992-06-29T18:30:00.000Z,Jiangxi,EBW82VKN6FT,621c831a9357ab95bbecd093,enim.nec@gmail.com
1988-10-05T18:30:00.000Z,Sichuan,MVJ33OFJ7VW,621c831a9357ab95bbecd094,etiam@gmail.com
1970-11-07T18:30:00.000Z,Shandong,TWT85PLG6HK,621c831a9357ab95bbecd095,faucibus.lectus@gmail.com
1953-03-17T18:30:00.000Z,Anhui,PJJ15BOV3SN,621c831a9357ab95bbecd096,eget.metus@gmail.com
1996-09-08T17:30:00.000Z,Fujian,ZEC77QKU8IR,621c831a9357ab95bbecd097,donec.porttitor@gmail.com
2004-08-09T18:00:00.000Z,Henan,CUI10VML2YY,621c831a9357ab95bbecd098,at@gmail.com
1991-09-17T18:30:00.000Z,Jiangsu,COA44EKH8BT,621c831a9357ab95bbecd099,enim.nunc@gmail.com
1994-03-25T18:30:00.000Z,Hainan,TPP74RVQ4SM,621c831a9357ab95bbecd09a,sed@gmail.com
1940-02-19T18:30:00.000Z,Tianjin,KJU21QDR8PS,621c831a9357ab95bbecd09b,enim.non@gmail.com
1972-10-18T18:30:00.000Z,Yunnan,MAY36JTX9EL,621c831a9357ab95bbecd09c,leo@gmail.com
1955-10-20T18:30:00.000Z,Shaanxi,KES24ESO7YO,621c831a9357ab95bbecd09d,velit.dui@gmail.com
1941-02-25T18:30:00.000Z,Heilongjiang,GDH65ELC3ON,621c831a9357ab95bbecd09e,ut@gmail.com
2001-01-18T18:00:00.000Z,Liaoning,JSW37FRP6FP,621c831a9357ab95bbecd09f,orci@gmail.com
1963-05-22T18:30:00.000Z,Guizhou,GRU69KYX2NQ,621c831a9357ab95bbecd0a0,eu.turpis.nulla@gmail.com
1959-04-11T18:30:00.000Z,Jilin,SPO37OML8FX,621c831a9357ab95bbecd0a1,mauris.elit.dictum@gmail.com
1943-02-28T17:30:00.000Z,Anhui,ZEJ72JXY9VZ,621c831a9357ab95bbecd0a2,dui.semper.et@gmail.com
1976-08-07T18:30:00.000Z,Beijing,MUB06SBC8UG,621c831a9357ab95bbecd0a3,enim@gmail.com
1981-05-06T18:30:00.000Z,Chongqing,FMA43JLS6XM,621c831a9357ab95bbecd0a4,pede.cras@gmail.com
1986-01-14T18:30:00.000Z,Fujian,GDU56VHB1MD,621c831a9357ab95bbecd0a5,cras.sed@gmail.com
1948-04-13T18:30:00.000Z,Gansu,FYV27BXS2HX,621c831a9357ab95bbecd0a6,in.hendrerit@gmail.com
1999-11-24T18:00:00.000Z,Guangdong,YUH88VYJ4BK,621c831a9357ab95bbecd0a7,blandit.viverra@gmail.com
1995-05-15T18:30:00.000Z,Guangxi,PKB63TXA5FR,621c831a9357ab95bbecd0a8,facilisis@gmail.com
1956-11-03T18:30:00.000Z,Guizhou,QGP04FYH1TO,621c831a9357ab95bbecd0a9,mi.lorem.vehicula@gmail.com
1991-12-12T18:30:00.000Z,Hainan,UGJ99APZ1SY,621c831a9357ab95bbecd0aa,scelerisque.mollis@gmail.com
1987-08-23T18:30:00.000Z,Hebei,ECM72TWH4PS,621c831a9357ab95bbecd0ab,pretium.neque@gmail.com
1985-08-13T18:30:00.000Z,Heilongjiang,RSW04UXD0VO,621c831a9357ab95bbecd0ac,proin.sed.turpis@gmail.com
1944-04-17T17:30:00.000Z,Henan,TPW43RAW1XV,621c831a9357ab95bbecd0ad,fusce.fermentum.fermentum@gmail.com
1981-09-14T18:30:00.000Z,Hubei,UUP44LOG0BN,621c831a9357ab95bbecd0ae,aliquet.magna@gmail.com
1976-04-03T18:30:00.000Z,Hunan,QSV76SXD2MQ,621c831a9357ab95bbecd0af,a.ultricies.adipiscing@gmail.com
1963-02-17T18:30:00.000Z,Inner Mongolia,PHH24TMZ5DA,621c831a9357ab95bbecd0b0,blandit.at@gmail.com
1944-08-12T17:30:00.000Z,Jiangsu,DSE21LVY3ZW,621c831a9357ab95bbecd0b1,mus.proin.vel@gmail.com
1983-10-16T18:30:00.000Z,Jiangxi,JWO64LFD7OW,621c831a9357ab95bbecd0b2,duis@gmail.com
1970-11-24T18:30:00.000Z,Jilin,TOC86GFL8PX,621c831a9357ab95bbecd0b3,metus.vivamus@gmail.com
1943-12-09T17:30:00.000Z,Liaoning,DJP07OYS5UM,621c831a9357ab95bbecd0b4,rutrum.justo@gmail.com
1954-10-05T18:30:00.000Z,Ningxia,YOC88CQG2RV,621c831a9357ab95bbecd0b5,egestas.nunc.sed@gmail.com
1962-12-12T18:30:00.000Z,Qinghai,VQD52EVN5CJ,621c831a9357ab95bbecd0b6,viverra.maecenas@gmail.com
1992-07-30T18:30:00.000Z,Shaanxi,RXS34XHN9GN,621c831a9357ab95bbecd0b7,nascetur.ridiculus.mus@gmail.com
1966-08-27T18:30:00.000Z,Shandong,JLU21OXD2RI,621c831a9357ab95bbecd0b8,massa.vestibulum.accumsan@gmail.com
1994-06-02T18:30:00.000Z,Shanghai,MNG06YZB6OX,621c831a9357ab95bbecd0b9,nec.luctus.felis@gmail.com
1950-07-30T18:30:00.000Z,Shanxi,LID47MRS5IV,621c831a9357ab95bbecd0ba,molestie.in@gmail.com
1943-10-11T17:30:00.000Z,Sichuan,CIE72YEG6KN,621c831a9357ab95bbecd0bb,ultrices.duis.volutpat@gmail.com
1960-08-24T18:30:00.000Z,Anhui,XYP48OSR5DX,621c831a9357ab95bbecd0bc,egestas@gmail.com
1989-02-12T18:30:00.000Z,Beijing,TUJ23VVJ5GB,621c831a9357ab95bbecd0bd,molestie.tellus@gmail.com
2004-03-04T18:00:00.000Z,Chongqing,VIV57TMB5UL,621c831a9357ab95bbecd0be,ut@gmail.com
1986-04-03T18:30:00.000Z,Fujian,GYI16WQN4MG,621c831a9357ab95bbecd0bf,nunc.sed@gmail.com
1994-03-04T18:30:00.000Z,Gansu,LKU87YHL2DX,621c831a9357ab95bbecd0c0,sociis.natoque.penatibus@gmail.com
1975-03-20T18:30:00.000Z,Guangdong,ICZ27XNY4TY,621c831a9357ab95bbecd0c1,luctus.vulputate.nisi@gmail.com
2001-02-09T18:00:00.000Z,Guangxi,VUF17YLF4PV,621c831a9357ab95bbecd0c2,vehicula.pellentesque@gmail.com
1964-04-16T18:30:00.000Z,Guizhou,MQC96GFL2TJ,621c831a9357ab95bbecd0c3,vel.venenatis.vel@gmail.com
1988-08-16T18:30:00.000Z,Hainan,JET45EHM4NB,621c831a9357ab95bbecd0c4,luctus.et@gmail.com
1941-08-10T18:30:00.000Z,Hebei,QIL13XET1CV,621c831a9357ab95bbecd0c5,phasellus.vitae@gmail.com
1999-12-21T18:00:00.000Z,Heilongjiang,SSG56MLH2BJ,621c831a9357ab95bbecd0c6,mus.aenean@gmail.com
2007-07-02T18:30:00.000Z,Henan,MOQ98JWV8CS,621c831a9357ab95bbecd0c7,dolor@gmail.com
1990-04-05T18:30:00.000Z,Hubei,QEV72RZB1KK,621c831a9357ab95bbecd0c8,nisi.magna@gmail.com
+016373-12-31T18:30:00.000Z,Guangdong,OML32RCV3HC,621c831a9357ab95bbecd0c9,euismod.urna@gmail.com
+039426-12-31T18:30:00.000Z,Zhejiang,NRM39WCY9VJ,621c831a9357ab95bbecd0ca,ut@gmail.com
+014860-12-31T18:30:00.000Z,Beijing,GCC96MRL2HC,621c831a9357ab95bbecd0cb,aliquam.vulputate@gmail.com
+036542-12-31T18:30:00.000Z,Chongqing,BDK35IIB4GQ,621c831a9357ab95bbecd0cc,integer.mollis@gmail.com
+015312-12-31T18:30:00.000Z,Hunan,UVB62TLJ7OA,621c831a9357ab95bbecd0cd,arcu.ac.orci@gmail.com
+025820-12-31T18:30:00.000Z,Guangxi,OCQ78GCB1NI,621c831a9357ab95bbecd0ce,ligula.nullam@gmail.com
+022895-12-31T18:30:00.000Z,Shanghai,PPR34YFW6UN,621c831a9357ab95bbecd0cf,praesent.eu@gmail.com
+025361-12-31T18:30:00.000Z,Jiangxi,SBH02PUT2ME,621c831a9357ab95bbecd0d0,sem.consequat@gmail.com
+037178-12-31T18:30:00.000Z,Sichuan,XPY85SOF1JV,621c831a9357ab95bbecd0d1,blandit@gmail.com
+020829-12-31T18:30:00.000Z,Shandong,DRE67BTQ8JV,621c831a9357ab95bbecd0d2,donec.feugiat@gmail.com
+029738-12-31T18:30:00.000Z,Anhui,LKR41NYX2HY,621c831a9357ab95bbecd0d3,tempor.lorem@gmail.com
+027967-12-31T18:30:00.000Z,Fujian,PLW55CGS0MD,621c831a9357ab95bbecd0d4,per.inceptos@gmail.com
+036719-12-31T18:30:00.000Z,Henan,QQG08XET4WY,621c831a9357ab95bbecd0d5,duis.sit@gmail.com
+026676-12-31T18:30:00.000Z,Jiangsu,ZFL46EOQ5AJ,621c831a9357ab95bbecd0d6,molestie.tellus@gmail.com
+024245-12-31T18:30:00.000Z,Hainan,NUH48WJQ7FU,621c831a9357ab95bbecd0d7,consectetuer.rhoncus@gmail.com
+034046-12-31T18:30:00.000Z,Tianjin,VWJ47VCC8VX,621c831a9357ab95bbecd0d8,eget.odio.aliquam@gmail.com
+028079-12-31T18:30:00.000Z,Yunnan,FHT56LOH1XO,621c831a9357ab95bbecd0d9,eleifend@gmail.com
+038594-12-31T18:30:00.000Z,Shaanxi,ROR64OUM2DE,621c831a9357ab95bbecd0da,ligula.eu@gmail.com
+037550-12-31T18:30:00.000Z,Heilongjiang,JAD51PXY0WI,621c831a9357ab95bbecd0db,urna@gmail.com
+026056-12-31T18:30:00.000Z,Liaoning,MSS45QGB7QC,621c831a9357ab95bbecd0dc,lacus@gmail.com
+033965-12-31T18:30:00.000Z,Guizhou,RVH87XEU3UF,621c831a9357ab95bbecd0dd,orci.donec@gmail.com
+029668-12-31T18:30:00.000Z,Jilin,CQP29XHK4PF,621c831a9357ab95bbecd0de,rutrum@gmail.com
+018218-12-31T18:30:00.000Z,Shanghai,UHE16HXV6BR,621c831a9357ab95bbecd0df,magna.sed@gmail.com
+025081-12-31T18:30:00.000Z,Henan,VNN28MDD3PP,621c831a9357ab95bbecd0e0,vitae.erat@gmail.com
+036042-12-31T18:30:00.000Z,Sichuan,EFY96CVX4SD,621c831a9357ab95bbecd0e1,sed@gmail.com
+023727-12-31T18:30:00.000Z,Shandong,EML24DKI2YC,621c831a9357ab95bbecd0e2,porttitor@gmail.com
+027726-12-31T18:30:00.000Z,Guangxi,GBB14AHI4VJ,621c831a9357ab95bbecd0e3,tellus.aenean.egestas@gmail.com
+017203-12-31T18:30:00.000Z,Hainan,IZU53MDN2EU,621c831a9357ab95bbecd0e4,augue.id@gmail.com
+035479-12-31T18:30:00.000Z,Jiangxi,SRL32HXC2IM,621c831a9357ab95bbecd0e5,sem.nulla@gmail.com
+027206-12-31T18:30:00.000Z,Fujian,IXT01UQV4JH,621c831a9357ab95bbecd0e6,curabitur.ut.odio@gmail.com
+015212-12-31T18:30:00.000Z,Jiangsu,KID75TRG9AK,621c831a9357ab95bbecd0e7,odio.tristique.pharetra@gmail.com
+032373-12-31T18:30:00.000Z,Liaoning,ZWZ48YHK1QL,621c831a9357ab95bbecd0e8,purus.ac.tellus@gmail.com
+023227-12-31T18:30:00.000Z,Shaanxi,MCU45PFH1JE,621c831a9357ab95bbecd0e9,ultrices@gmail.com
+024256-12-31T18:30:00.000Z,Yunnan,ZPF14COF5MU,621c831a9357ab95bbecd0ea,nibh.donec@gmail.com
+039254-12-31T18:30:00.000Z,Tianjin,QYH78EEH6HC,621c831a9357ab95bbecd0eb,id.libero@gmail.com
+026049-12-31T18:30:00.000Z,Heilongjiang,PNH34GRO0YT,621c831a9357ab95bbecd0ec,consectetuer@gmail.com
+023352-12-31T18:30:00.000Z,Hebei,XJT34GFH7EX,621c831a9357ab95bbecd0ed,diam.dictum.sapien@gmail.com
+018677-12-31T18:30:00.000Z,Inner Mongolia,JUY21HAW7DH,621c831a9357ab95bbecd0ee,quisque@gmail.com
+025462-12-31T18:30:00.000Z,Shanxi,RIN66CNG8RT,621c831a9357ab95bbecd0ef,in@gmail.com
+024092-12-31T18:30:00.000Z,Shanghai,YUV14VCF3XL,621c831a9357ab95bbecd0f0,mauris@gmail.com
+021417-12-31T18:30:00.000Z,Henan,KZW19LKA3RD,621c831a9357ab95bbecd0f1,elit.etiam@gmail.com
+019708-12-31T18:30:00.000Z,Sichuan,IUD51PUN4KE,621c831a9357ab95bbecd0f2,purus.sapien@gmail.com
+038691-12-31T18:30:00.000Z,Shandong,FEK83FFP8CN,621c831a9357ab95bbecd0f3,auctor.velit@gmail.com
+037062-12-31T18:30:00.000Z,Guangxi,RDS63CHI8ZK,621c831a9357ab95bbecd0f4,sem@gmail.com
+035254-12-31T18:30:00.000Z,Hainan,YOK49DCY5QW,621c831a9357ab95bbecd0f5,fusce.diam@gmail.com
+018943-12-31T18:30:00.000Z,Jiangxi,HGU33JMM6EI,621c831a9357ab95bbecd0f6,vulputate.nisi@gmail.com
+033136-12-31T18:30:00.000Z,Fujian,QQS26ESE9ZH,621c831a9357ab95bbecd0f7,pellentesque.ultricies@gmail.com
+032984-12-31T18:30:00.000Z,Jiangsu,CRM14TTY2WJ,621c831a9357ab95bbecd0f8,enim.commodo.hendrerit@gmail.com
+015023-12-31T18:30:00.000Z,Liaoning,YLL37NBF6KT,621c831a9357ab95bbecd0f9,consectetuer@gmail.com
+016200-12-31T18:30:00.000Z,Shaanxi,LZL19IRC4IF,621c831a9357ab95bbecd0fa,mauris@gmail.com
+019876-12-31T18:30:00.000Z,Yunnan,IHC35MCD6YY,621c831a9357ab95bbecd0fb,sagittis@gmail.com
+023946-12-31T18:30:00.000Z,Tianjin,QDY37PFP7ME,621c831a9357ab95bbecd0fc,odio@gmail.com
+026016-12-31T18:30:00.000Z,Heilongjiang,NEF37YEP2DZ,621c831a9357ab95bbecd0fd,dictum.sapien@gmail.com
+017364-12-31T18:30:00.000Z,Hebei,JKD79PGD2WJ,621c831a9357ab95bbecd0fe,risus.in.mi@gmail.com
+024680-12-31T18:30:00.000Z,Inner Mongolia,LYB02HKT7CV,621c831a9357ab95bbecd0ff,duis.gravida@gmail.com
+021646-12-31T18:30:00.000Z,Shanxi,YCP13ZBK5CA,621c831a9357ab95bbecd100,congue.turpis@gmail.com
+030818-12-31T18:30:00.000Z,Fujian,FON67RJC0NK,621c831a9357ab95bbecd101,dolor.nonummy.ac@gmail.com
+038498-12-31T18:30:00.000Z,Gansu,YKT50RIQ6RN,621c831a9357ab95bbecd102,vel.mauris@gmail.com
+018060-12-31T18:30:00.000Z,Guangdong,NPW82SVN9RJ,621c831a9357ab95bbecd103,facilisis.lorem@gmail.com
+017529-12-31T18:30:00.000Z,Guangxi,QCT72FNJ6UC,621c831a9357ab95bbecd104,ipsum.curabitur.consequat@gmail.com
+022437-12-31T18:30:00.000Z,Guizhou,BJX85CBY2YP,621c831a9357ab95bbecd105,nec.enim@gmail.com
+027109-12-31T18:30:00.000Z,Hainan,NSA02VBS8RT,621c831a9357ab95bbecd106,eleifend.cras@gmail.com
+016519-12-31T18:30:00.000Z,Hebei,JIW43NOV0IA,621c831a9357ab95bbecd107,et.ultrices@gmail.com
+021865-12-31T18:30:00.000Z,Heilongjiang,MEV37RJP3II,621c831a9357ab95bbecd108,ornare.in.faucibus@gmail.com
+033319-12-31T18:30:00.000Z,Henan,SRS01QPI7RQ,621c831a9357ab95bbecd109,scelerisque@gmail.com
+018019-12-31T18:30:00.000Z,Hubei,SUP42NHU6ZQ,621c831a9357ab95bbecd10a,nisl.elementum@gmail.com
+038098-12-31T18:30:00.000Z,Guangdong,KJU53BVF5GN,621c831a9357ab95bbecd10b,nulla.ante@gmail.com
+019052-12-31T18:30:00.000Z,Zhejiang,HNE93KZP9EU,621c831a9357ab95bbecd10c,velit.dui@gmail.com
+025921-12-31T18:30:00.000Z,Beijing,TOV88FBN7HY,621c831a9357ab95bbecd10d,vitae.purus@gmail.com
+034911-12-31T18:30:00.000Z,Chongqing,KMB41OFF5VU,621c831a9357ab95bbecd10e,class@gmail.com
+020732-12-31T18:30:00.000Z,Hunan,GSW43XMT2VD,621c831a9357ab95bbecd10f,integer.mollis.integer@gmail.com
+016810-12-31T18:30:00.000Z,Guangxi,HKX82RAV3EN,621c831a9357ab95bbecd110,eleifend@gmail.com
+026458-12-31T18:30:00.000Z,Shanghai,FRQ72DFN3BV,621c831a9357ab95bbecd111,interdum.ligula.eu@gmail.com
+018551-12-31T18:30:00.000Z,Jiangxi,UNK18HHE6TO,621c831a9357ab95bbecd112,at.velit@gmail.com
+016921-12-31T18:30:00.000Z,Heilongjiang,UBI59MSG8QI,621c831a9357ab95bbecd113,vulputate.lacus@gmail.com
+036746-12-31T18:30:00.000Z,Henan,TBT13MHL2PD,621c831a9357ab95bbecd114,tempus.mauris.erat@gmail.com
+022124-12-31T18:30:00.000Z,Hubei,RXM18TVU3VM,621c831a9357ab95bbecd115,euismod.mauris@gmail.com
+021221-12-31T18:30:00.000Z,Hunan,PRH46EXP5TI,621c831a9357ab95bbecd116,vestibulum.neque@gmail.com
+039337-12-31T18:30:00.000Z,Inner Mongolia,OYA41RLW5DW,621c831a9357ab95bbecd117,convallis.ligula@gmail.com
+028445-12-31T18:30:00.000Z,Jiangsu,DCD83XCS0VJ,621c831a9357ab95bbecd118,faucibus.ut@gmail.com
+027212-12-31T18:30:00.000Z,Jiangxi,WXL63YML5BU,621c831a9357ab95bbecd119,lacus.quisque@gmail.com
+029113-12-31T18:30:00.000Z,Jilin,BYM77FQP4QB,621c831a9357ab95bbecd11a,orci.sem@gmail.com
+028101-12-31T18:30:00.000Z,Liaoning,JSN42NXS1OG,621c831a9357ab95bbecd11b,risus.morbi@gmail.com
+032966-12-31T18:30:00.000Z,Ningxia,MOD42FQL7PV,621c831a9357ab95bbecd11c,mauris.rhoncus@gmail.com
+022059-12-31T18:30:00.000Z,Qinghai,MYX62FIR4DE,621c831a9357ab95bbecd11d,fusce.dolor@gmail.com
+022391-12-31T18:30:00.000Z,Shaanxi,GVJ03SAJ4VH,621c831a9357ab95bbecd11e,mauris.ipsum.porta@gmail.com
+026285-12-31T18:30:00.000Z,Shandong,GAH62NQQ4DV,621c831a9357ab95bbecd11f,urna.ut@gmail.com
+033773-12-31T18:30:00.000Z,Shanghai,KZO21ZJL1SC,621c831a9357ab95bbecd120,nibh.quisque@gmail.com
+015088-12-31T18:30:00.000Z,Shanxi,HQK12ISB7NA,621c831a9357ab95bbecd121,turpis.non.enim@gmail.com
+027728-12-31T18:30:00.000Z,Sichuan,DIQ40DLY6VY,621c831a9357ab95bbecd122,ultricies.sem.magna@gmail.com
+029836-12-31T18:30:00.000Z,Anhui,KCD43OCF5OD,621c831a9357ab95bbecd123,nunc.nulla@gmail.com
+031013-12-31T18:30:00.000Z,Beijing,IQG94DES3DA,621c831a9357ab95bbecd124,ipsum.dolor@gmail.com
+025682-12-31T18:30:00.000Z,Chongqing,ISG55WME8NO,621c831a9357ab95bbecd125,accumsan.laoreet.ipsum@gmail.com
+034283-12-31T18:30:00.000Z,Fujian,TEQ52CZN5JY,621c831a9357ab95bbecd126,ornare@gmail.com
+016296-12-31T18:30:00.000Z,Gansu,GUN73XWF3YH,621c831a9357ab95bbecd127,felis.eget.varius@gmail.com
+037176-12-31T18:30:00.000Z,Guangdong,LVY55CHN2WB,621c831a9357ab95bbecd128,morbi.neque@gmail.com
+025662-12-31T18:30:00.000Z,Guangxi,RRG27NLR3KO,621c831a9357ab95bbecd129,odio.aliquam@gmail.com
+026357-12-31T18:30:00.000Z,Guizhou,EFN78QPI6KX,621c831a9357ab95bbecd12a,convallis.dolor@gmail.com
+026091-12-31T18:30:00.000Z,Hainan,SES94BUD1QE,621c831a9357ab95bbecd12b,maecenas.mi@gmail.com
+038160-12-31T18:30:00.000Z,Hebei,LDZ33CUO1TU,621c831a9357ab95bbecd12c,ut.aliquam@gmail.com
+033451-12-31T18:30:00.000Z,Heilongjiang,IBP48ULQ8LM,621c831a9357ab95bbecd12d,id@gmail.com
+014990-12-31T18:30:00.000Z,Henan,IXM38GKU3FW,621c831a9357ab95bbecd12e,hendrerit.id@gmail.com
+030714-12-31T18:30:00.000Z,Hubei,VNX24HSO5TA,621c831a9357ab95bbecd12f,sed.molestie@gmail.com
+014894-12-31T18:30:00.000Z,Guangdong,DRH71VES6SH,621c831a9357ab95bbecd130,enim@gmail.com
+037607-12-31T18:30:00.000Z,Zhejiang,VVC57SBH7FT,621c831a9357ab95bbecd131,sapien.cras.dolor@gmail.com
+020961-12-31T18:30:00.000Z,Beijing,HHR65TQS3VX,621c831a9357ab95bbecd132,consequat.lectus@gmail.com
+026331-12-31T18:30:00.000Z,Chongqing,WIG06IVT3TL,621c831a9357ab95bbecd133,magna.ut.tincidunt@gmail.com
+030679-12-31T18:30:00.000Z,Hunan,NGT22TGK2MQ,621c831a9357ab95bbecd134,velit.aliquam.nisl@gmail.com
+033857-12-31T18:30:00.000Z,Guangxi,FGV22LHA2LI,621c831a9357ab95bbecd135,eu.ultrices.sit@gmail.com
+037521-12-31T18:30:00.000Z,Shanghai,SAR15RCR5EK,621c831a9357ab95bbecd136,nonummy.ut.molestie@gmail.com
+015725-12-31T18:30:00.000Z,Jiangxi,BAK25ORE8VT,621c831a9357ab95bbecd137,vestibulum.mauris@gmail.com
+020289-12-31T18:30:00.000Z,Sichuan,UFI59TVM0SN,621c831a9357ab95bbecd138,suspendisse.commodo@gmail.com
+014668-12-31T18:30:00.000Z,Shandong,TUJ28UXB1OP,621c831a9357ab95bbecd139,metus.aenean.sed@gmail.com
+037902-12-31T18:30:00.000Z,Anhui,INZ63VAT6JL,621c831a9357ab95bbecd13a,blandit.congue@gmail.com
+039355-12-31T18:30:00.000Z,Fujian,DOC55DFX4HR,621c831a9357ab95bbecd13b,massa.rutrum.magna@gmail.com
+014750-12-31T18:30:00.000Z,Henan,XHG43NJM3FP,621c831a9357ab95bbecd13c,ligula.nullam@gmail.com
+037332-12-31T18:30:00.000Z,Jiangsu,WYX48XTE7MN,621c831a9357ab95bbecd13d,sagittis.augue.eu@gmail.com
+036673-12-31T18:30:00.000Z,Hainan,JPL55EOG6CN,621c831a9357ab95bbecd13e,eu@gmail.com
+022022-12-31T18:30:00.000Z,Tianjin,HDM33LXG3BW,621c831a9357ab95bbecd13f,malesuada@gmail.com
+026498-12-31T18:30:00.000Z,Guizhou,TZV51IIX7GK,621c831a9357ab95bbecd140,phasellus.ornare.fusce@gmail.com
+035961-12-31T18:30:00.000Z,Hainan,OTY36XDC4BC,621c831a9357ab95bbecd141,diam.sed@gmail.com
+032316-12-31T18:30:00.000Z,Hebei,JNS26YVQ3YZ,621c831a9357ab95bbecd142,etiam.ligula@gmail.com
+022842-12-31T18:30:00.000Z,Heilongjiang,VCS43HMT8AS,621c831a9357ab95bbecd143,facilisi.sed@gmail.com
+027752-12-31T18:30:00.000Z,Henan,LXR49HEH3BJ,621c831a9357ab95bbecd144,fermentum@gmail.com
+023175-12-31T18:30:00.000Z,Hubei,GAN14UBV1MJ,621c831a9357ab95bbecd145,tempor.lorem.eget@gmail.com
+039265-12-31T18:30:00.000Z,Hunan,EJP11UPO5HS,621c831a9357ab95bbecd146,vehicula@gmail.com
+039406-12-31T18:30:00.000Z,Inner Mongolia,MCK44VCX6XV,621c831a9357ab95bbecd147,enim.curabitur@gmail.com
+015003-12-31T18:30:00.000Z,Jiangsu,WYT93MXQ2OD,621c831a9357ab95bbecd148,in@gmail.com
+038210-12-31T18:30:00.000Z,Jiangxi,NWJ31FGG2RK,621c831a9357ab95bbecd149,fusce.fermentum.fermentum@gmail.com
+030634-12-31T18:30:00.000Z,Jilin,NTL44QVR5GH,621c831a9357ab95bbecd14a,facilisis.non@gmail.com
+037953-12-31T18:30:00.000Z,Liaoning,HGK16NIT2FB,621c831a9357ab95bbecd14b,turpis.nec.mauris@gmail.com
+021821-12-31T18:30:00.000Z,Ningxia,GIE60OHM7ZC,621c831a9357ab95bbecd14c,nascetur.ridiculus@gmail.com
+033937-12-31T18:30:00.000Z,Qinghai,LQJ43MED7NK,621c831a9357ab95bbecd14d,eros.nec@gmail.com
+037330-12-31T18:30:00.000Z,Shaanxi,VOF36FKE8QD,621c831a9357ab95bbecd14e,sed.auctor@gmail.com
+021064-12-31T18:30:00.000Z,Shandong,SFZ17THN3HI,621c831a9357ab95bbecd14f,tempor.erat@gmail.com
+018974-12-31T18:30:00.000Z,Shanghai,RWL15CXD2JC,621c831a9357ab95bbecd150,viverra.donec@gmail.com
+034801-12-31T18:30:00.000Z,Shanxi,WYD62YRI4PO,621c831a9357ab95bbecd151,augue.malesuada@gmail.com
+030511-12-31T18:30:00.000Z,Sichuan,XPP76DYN5UN,621c831a9357ab95bbecd152,tempus.scelerisque.lorem@gmail.com
+022781-12-31T18:30:00.000Z,Anhui,EQD49CWF1TM,621c831a9357ab95bbecd153,urna.et.arcu@gmail.com
+035205-12-31T18:30:00.000Z,Beijing,DAX49NOX3GW,621c831a9357ab95bbecd154,ultrices.iaculis@gmail.com
+040047-12-31T18:30:00.000Z,Chongqing,QUL12BPW8JZ,621c831a9357ab95bbecd155,in.mi@gmail.com
+040070-12-31T18:30:00.000Z,Fujian,BIB35LOS2MK,621c831a9357ab95bbecd156,curabitur.vel.lectus@gmail.com
+019958-12-31T18:30:00.000Z,Gansu,TDK80UFT2DV,621c831a9357ab95bbecd157,interdum.ligula.eu@gmail.com
+033821-12-31T18:30:00.000Z,Guangdong,CIU53WKS0CT,621c831a9357ab95bbecd158,donec.egestas.aliquam@gmail.com
+021957-12-31T18:30:00.000Z,Guangxi,TLB13PWN4RG,621c831a9357ab95bbecd159,aliquet@gmail.com
+017710-12-31T18:30:00.000Z,Guizhou,IMC14YPE8NM,621c831a9357ab95bbecd15a,nec.urna@gmail.com
+023450-12-31T18:30:00.000Z,Hainan,OJB68HWJ7MS,621c831a9357ab95bbecd15b,nunc@gmail.com
+039565-12-31T18:30:00.000Z,Hebei,SEV86OCB6VG,621c831a9357ab95bbecd15c,erat.vitae@gmail.com
+017291-12-31T18:30:00.000Z,Heilongjiang,RPI68GEQ7QE,621c831a9357ab95bbecd15d,sem.ut@gmail.com
+018773-12-31T18:30:00.000Z,Henan,HIT74DJV6RQ,621c831a9357ab95bbecd15e,lorem@gmail.com
+038111-12-31T18:30:00.000Z,Hubei,DIG24BDB5FU,621c831a9357ab95bbecd15f,integer@gmail.com
+039843-12-31T18:30:00.000Z,Guangdong,IKV38RRL5JN,621c831a9357ab95bbecd160,tempor.erat@gmail.com
+021773-12-31T18:30:00.000Z,Zhejiang,HCI23UWA7WG,621c831a9357ab95bbecd161,elit.a@gmail.com
+035599-12-31T18:30:00.000Z,Beijing,KYL84ZJS8GH,621c831a9357ab95bbecd162,sit.amet@gmail.com
+040047-12-31T18:30:00.000Z,Chongqing,NEB80GQN0HP,621c831a9357ab95bbecd163,ad@gmail.com
+027386-12-31T18:30:00.000Z,Hunan,OBH25LMF5KK,621c831a9357ab95bbecd164,eget.laoreet@gmail.com
+037561-12-31T18:30:00.000Z,Guangxi,EQV70EVI3JZ,621c831a9357ab95bbecd165,integer.id.magna@gmail.com
+023078-12-31T18:30:00.000Z,Shanghai,WHM10NSH7XI,621c831a9357ab95bbecd166,parturient@gmail.com
+016069-12-31T18:30:00.000Z,Jiangxi,DYE84WXX4XK,621c831a9357ab95bbecd167,ut.tincidunt@gmail.com
+017754-12-31T18:30:00.000Z,Sichuan,UCM80NSY4PR,621c831a9357ab95bbecd168,at.nisi@gmail.com
+035171-12-31T18:30:00.000Z,Shandong,OKW64OHP8PY,621c831a9357ab95bbecd169,egestas.a.scelerisque@gmail.com
+035528-12-31T18:30:00.000Z,Anhui,DNY04JKZ4IM,621c831a9357ab95bbecd16a,sit.amet@gmail.com
+026370-12-31T18:30:00.000Z,Fujian,COL88OUV4OB,621c831a9357ab95bbecd16b,placerat.eget@gmail.com
+014618-12-31T18:30:00.000Z,Henan,CVA31SYN8RE,621c831a9357ab95bbecd16c,consectetuer@gmail.com
+018521-12-31T18:30:00.000Z,Jiangsu,TRP40MVS5ZU,621c831a9357ab95bbecd16d,nec.metus@gmail.com
+025052-12-31T18:30:00.000Z,Hainan,BUA35SUE9VA,621c831a9357ab95bbecd16e,risus.at@gmail.com
+018242-12-31T18:30:00.000Z,Tianjin,CQQ16MRV1JX,621c831a9357ab95bbecd16f,velit@gmail.com
+040059-12-31T18:30:00.000Z,Yunnan,MIF22TPR7QI,621c831a9357ab95bbecd170,nulla.integer.vulputate@gmail.com
+021010-12-31T18:30:00.000Z,Shaanxi,JJW29VQS4GI,621c831a9357ab95bbecd171,fusce.diam.nunc@gmail.com
+035919-12-31T18:30:00.000Z,Heilongjiang,OYR44YUS7GV,621c831a9357ab95bbecd172,nam.porttitor.scelerisque@gmail.com
+025501-12-31T18:30:00.000Z,Liaoning,OPT14REH4YC,621c831a9357ab95bbecd173,donec.non@gmail.com
+037948-12-31T18:30:00.000Z,Guizhou,FDJ33LNU7CH,621c831a9357ab95bbecd174,imperdiet@gmail.com
+024718-12-31T18:30:00.000Z,Jilin,RTO79VJY1WT,621c831a9357ab95bbecd175,eu.odio.phasellus@gmail.com
+023963-12-31T18:30:00.000Z,Shanghai,RRS97NUK0KM,621c831a9357ab95bbecd176,turpis.egestas.aliquam@gmail.com
+031080-12-31T18:30:00.000Z,Henan,CPR55QIR5SI,621c831a9357ab95bbecd177,lacus.mauris.non@gmail.com
+021317-12-31T18:30:00.000Z,Sichuan,IIV42RGS7HL,621c831a9357ab95bbecd178,ut.nec@gmail.com
+037312-12-31T18:30:00.000Z,Shandong,MWX43YBS2FY,621c831a9357ab95bbecd179,sed.nunc@gmail.com
+036344-12-31T18:30:00.000Z,Guangxi,JSY68OUF2UC,621c831a9357ab95bbecd17a,mauris.aliquam@gmail.com
+030537-12-31T18:30:00.000Z,Hainan,NNU70ZIO6YW,621c831a9357ab95bbecd17b,erat.eget@gmail.com
+037395-12-31T18:30:00.000Z,Jiangxi,MXW42RXX5UX,621c831a9357ab95bbecd17c,diam.eu@gmail.com
+028249-12-31T18:30:00.000Z,Fujian,BWK45RMN6HX,621c831a9357ab95bbecd17d,vitae.erat@gmail.com
+015065-12-31T18:30:00.000Z,Jiangsu,KCC11UTA5CM,621c831a9357ab95bbecd17e,integer.tincidunt@gmail.com
+030111-12-31T18:30:00.000Z,Liaoning,QXS43BXB6DF,621c831a9357ab95bbecd17f,lacus@gmail.com
+015913-12-31T18:30:00.000Z,Shaanxi,CEJ13RVQ2EV,621c831a9357ab95bbecd180,nascetur.ridiculus@gmail.com
+036195-12-31T18:30:00.000Z,Yunnan,WCB01UIL4TZ,621c831a9357ab95bbecd181,at.risus@gmail.com
+029364-12-31T18:30:00.000Z,Tianjin,IEQ69BNU3TO,621c831a9357ab95bbecd182,rutrum.non@gmail.com
+026150-12-31T18:30:00.000Z,Heilongjiang,EFQ39BBI1QX,621c831a9357ab95bbecd183,mattis.integer.eu@gmail.com
+028477-12-31T18:30:00.000Z,Hebei,SPB58USK3XA,621c831a9357ab95bbecd184,ornare.in@gmail.com
+037567-12-31T18:30:00.000Z,Inner Mongolia,LMV30NKD8PL,621c831a9357ab95bbecd185,bibendum.sed@gmail.com
+038618-12-31T18:30:00.000Z,Shanxi,JSI44KWJ3XW,621c831a9357ab95bbecd186,eu.tempor@gmail.com
+016696-12-31T18:30:00.000Z,Shanghai,NLO82VCQ6IA,621c831a9357ab95bbecd187,convallis@gmail.com
+020969-12-31T18:30:00.000Z,Henan,QND83SBA8GC,621c831a9357ab95bbecd188,amet.consectetuer@gmail.com
+015850-12-31T18:30:00.000Z,Sichuan,ODL79YZD6KW,621c831a9357ab95bbecd189,ut.quam@gmail.com
+030468-12-31T18:30:00.000Z,Shandong,VUV81OCI2GR,621c831a9357ab95bbecd18a,bibendum@gmail.com
+017111-12-31T18:30:00.000Z,Guangxi,MGR22ESX3DV,621c831a9357ab95bbecd18b,commodo.tincidunt.nibh@gmail.com
+026174-12-31T18:30:00.000Z,Hainan,QVI16ATX3XV,621c831a9357ab95bbecd18c,ut.odio@gmail.com
+021802-12-31T18:30:00.000Z,Jiangxi,BXA45WHJ5OH,621c831a9357ab95bbecd18d,nisi@gmail.com
+019213-12-31T18:30:00.000Z,Fujian,GPU45VWY7OU,621c831a9357ab95bbecd18e,nec.mollis@gmail.com
+030892-12-31T18:30:00.000Z,Jiangsu,FCE38XOL8SK,621c831a9357ab95bbecd18f,eros@gmail.com
+018431-12-31T18:30:00.000Z,Liaoning,RNQ68VJZ9XS,621c831a9357ab95bbecd190,orci@gmail.com
+037196-12-31T18:30:00.000Z,Shaanxi,AJG79XDO3MI,621c831a9357ab95bbecd191,dolor.quisque@gmail.com
+027492-12-31T18:30:00.000Z,Yunnan,EWV34RCH3EY,621c831a9357ab95bbecd192,libero@gmail.com
+020382-12-31T18:30:00.000Z,Tianjin,XMH02IUN6YS,621c831a9357ab95bbecd193,id.mollis@gmail.com
+031009-12-31T18:30:00.000Z,Heilongjiang,XGD84WVO1FL,621c831a9357ab95bbecd194,fringilla.porttitor.vulputate@gmail.com
+024960-12-31T18:30:00.000Z,Hebei,FFJ74HLL2QN,621c831a9357ab95bbecd195,fames.ac@gmail.com
+017190-12-31T18:30:00.000Z,Inner Mongolia,JED26YGB8SJ,621c831a9357ab95bbecd196,erat.etiam.vestibulum@gmail.com
+024588-12-31T18:30:00.000Z,Shanxi,SWL81YRW8DL,621c831a9357ab95bbecd197,consectetuer.mauris@gmail.com
+029438-12-31T18:30:00.000Z,Fujian,CRK67MPQ3NJ,621c831a9357ab95bbecd198,erat.sed@gmail.com
+025857-12-31T18:30:00.000Z,Gansu,IBE43LZH4ZL,621c831a9357ab95bbecd199,aliquam@gmail.com
+034274-12-31T18:30:00.000Z,Guangdong,OBU36UWB9BG,621c831a9357ab95bbecd19a,nec.imperdiet.nec@gmail.com
+027172-12-31T18:30:00.000Z,Guangxi,EEU53SWK8LQ,621c831a9357ab95bbecd19b,eu.sem.pellentesque@gmail.com
+039082-12-31T18:30:00.000Z,Guizhou,YNU18PZN2PE,621c831a9357ab95bbecd19c,semper@gmail.com
+020237-12-31T18:30:00.000Z,Hainan,OKC48RJU6YV,621c831a9357ab95bbecd19d,neque.sed.eget@gmail.com
+025275-12-31T18:30:00.000Z,Hebei,OQT95IFF9DX,621c831a9357ab95bbecd19e,vel.faucibus.id@gmail.com
+032483-12-31T18:30:00.000Z,Heilongjiang,SSU44GYV9KB,621c831a9357ab95bbecd19f,nunc.sed@gmail.com
+035231-12-31T18:30:00.000Z,Henan,LFU52MCL9CD,621c831a9357ab95bbecd1a0,donec.at@gmail.com
+029748-12-31T18:30:00.000Z,Hubei,IMW24FYJ9KB,621c831a9357ab95bbecd1a1,sed.id@gmail.com
+023593-12-31T18:30:00.000Z,Guangdong,SUI68WAR5GD,621c831a9357ab95bbecd1a2,id.libero@gmail.com
+032301-12-31T18:30:00.000Z,Zhejiang,JNI32HNC7UR,621c831a9357ab95bbecd1a3,ultricies.adipiscing.enim@gmail.com
+029751-12-31T18:30:00.000Z,Beijing,DGJ02XGQ4XO,621c831a9357ab95bbecd1a4,molestie.dapibus@gmail.com
+027083-12-31T18:30:00.000Z,Chongqing,DHA87YLL4NV,621c831a9357ab95bbecd1a5,accumsan.interdum@gmail.com
+023207-12-31T18:30:00.000Z,Hunan,RWC42JSN9MO,621c831a9357ab95bbecd1a6,et@gmail.com
+034161-12-31T18:30:00.000Z,Guangxi,KQW15XRC2YP,621c831a9357ab95bbecd1a7,nunc@gmail.com
+032287-12-31T18:30:00.000Z,Shanghai,YNK86DUV8IN,621c831a9357ab95bbecd1a8,donec@gmail.com
+018142-12-31T18:30:00.000Z,Jiangxi,BBE01XPK6NZ,621c831a9357ab95bbecd1a9,imperdiet.non@gmail.com
+019705-12-31T18:30:00.000Z,Heilongjiang,NER82OSU3MS,621c831a9357ab95bbecd1aa,neque.venenatis@gmail.com
+016448-12-31T18:30:00.000Z,Henan,JIA14XFJ4CB,621c831a9357ab95bbecd1ab,mi.enim@gmail.com
+018056-12-31T18:30:00.000Z,Hubei,LPE76PYH2AT,621c831a9357ab95bbecd1ac,orci.tincidunt.adipiscing@gmail.com
+039028-12-31T18:30:00.000Z,Hunan,HHT34DTC8DU,621c831a9357ab95bbecd1ad,rutrum@gmail.com
+036255-12-31T18:30:00.000Z,Inner Mongolia,CMV82MVC5KR,621c831a9357ab95bbecd1ae,leo.morbi.neque@gmail.com
+037789-12-31T18:30:00.000Z,Jiangsu,YHN48OWC4MN,621c831a9357ab95bbecd1af,mi@gmail.com
+037937-12-31T18:30:00.000Z,Jiangxi,GDC94OPB8RT,621c831a9357ab95bbecd1b0,condimentum.donec@gmail.com
+038375-12-31T18:30:00.000Z,Jilin,HYS29JFY2SK,621c831a9357ab95bbecd1b1,eget.metus.eu@gmail.com
+035759-12-31T18:30:00.000Z,Liaoning,SWT11ZLB3SF,621c831a9357ab95bbecd1b2,lacinia.at@gmail.com
+035114-12-31T18:30:00.000Z,Ningxia,NBQ14OIJ5DG,621c831a9357ab95bbecd1b3,ligula@gmail.com
+033048-12-31T18:30:00.000Z,Qinghai,EWX71PKY1BT,621c831a9357ab95bbecd1b4,penatibus@gmail.com
+037464-12-31T18:30:00.000Z,Shaanxi,ZXN24AJX7JP,621c831a9357ab95bbecd1b5,enim@gmail.com
+033773-12-31T18:30:00.000Z,Shandong,SJT25TIW5HC,621c831a9357ab95bbecd1b6,pretium.neque@gmail.com
+030743-12-31T18:30:00.000Z,Shanghai,DGA95NRC8RP,621c831a9357ab95bbecd1b7,fringilla.cursus@gmail.com
+024721-12-31T18:30:00.000Z,Shanxi,HGY54LUM1LP,621c831a9357ab95bbecd1b8,magna.a@gmail.com
+033946-12-31T18:30:00.000Z,Sichuan,OTS62GXM9FO,621c831a9357ab95bbecd1b9,dolor.nonummy.ac@gmail.com
+038680-12-31T18:30:00.000Z,Anhui,YAG56AHU1GH,621c831a9357ab95bbecd1ba,vel.lectus@gmail.com
+019525-12-31T18:30:00.000Z,Beijing,QUP14KHA8DU,621c831a9357ab95bbecd1bb,nunc@gmail.com
+017673-12-31T18:30:00.000Z,Chongqing,QFN58RHK7MP,621c831a9357ab95bbecd1bc,per.conubia.nostra@gmail.com
+021428-12-31T18:30:00.000Z,Fujian,MUY27URG4AP,621c831a9357ab95bbecd1bd,interdum@gmail.com
+026634-12-31T18:30:00.000Z,Gansu,UDB63ZWY7RB,621c831a9357ab95bbecd1be,urna.et@gmail.com
+020390-12-31T18:30:00.000Z,Guangdong,GVD48IZE3OC,621c831a9357ab95bbecd1bf,nec.quam@gmail.com
+030791-12-31T18:30:00.000Z,Guangxi,TNM34XAQ5BE,621c831a9357ab95bbecd1c0,proin.mi.aliquam@gmail.com
+020004-12-31T18:30:00.000Z,Guizhou,BWC67LXB8DY,621c831a9357ab95bbecd1c1,egestas.nunc@gmail.com
+031078-12-31T18:30:00.000Z,Hainan,HEV03UBJ7TJ,621c831a9357ab95bbecd1c2,dis.parturient@gmail.com
+025946-12-31T18:30:00.000Z,Hebei,DLI69PXM7LZ,621c831a9357ab95bbecd1c3,quisque.imperdiet@gmail.com
+028201-12-31T18:30:00.000Z,Heilongjiang,CFM85BQR8FN,621c831a9357ab95bbecd1c4,a.auctor@gmail.com
+038287-12-31T18:30:00.000Z,Henan,VLU45DYE2QY,621c831a9357ab95bbecd1c5,sed.id@gmail.com
+020543-12-31T18:30:00.000Z,Hubei,KME42KXF2XK,621c831a9357ab95bbecd1c6,tempor.augue@gmail.com
+024888-12-31T18:30:00.000Z,Guangdong,OBT46HOH2DQ,621c831a9357ab95bbecd1c7,aliquam.adipiscing.lacus@gmail.com
+036690-12-31T18:30:00.000Z,Zhejiang,KDQ46OIA1LU,621c831a9357ab95bbecd1c8,euismod.enim@gmail.com
+039845-12-31T18:30:00.000Z,Beijing,FUV47FTY0BT,621c831a9357ab95bbecd1c9,nibh@gmail.com
+031425-12-31T18:30:00.000Z,Chongqing,WNV99JAR9IL,621c831a9357ab95bbecd1ca,a@gmail.com
+037309-12-31T18:30:00.000Z,Hunan,SEM17UNE7GU,621c831a9357ab95bbecd1cb,suspendisse@gmail.com
+032211-12-31T18:30:00.000Z,Guangxi,NOO26HMU2VI,621c831a9357ab95bbecd1cc,malesuada.augue@gmail.com
+035096-12-31T18:30:00.000Z,Shanghai,COS78UYS6VO,621c831a9357ab95bbecd1cd,cubilia.curae@gmail.com
+017336-12-31T18:30:00.000Z,Jiangxi,ORI29GVK7AF,621c831a9357ab95bbecd1ce,scelerisque.dui@gmail.com
+023226-12-31T18:30:00.000Z,Sichuan,KNU18GBO6XO,621c831a9357ab95bbecd1cf,semper@gmail.com
+027062-12-31T18:30:00.000Z,Shandong,FPF45HJA1HN,621c831a9357ab95bbecd1d0,molestie.pharetra@gmail.com
+030779-12-31T18:30:00.000Z,Anhui,PMY23SDD8LD,621c831a9357ab95bbecd1d1,praesent.interdum@gmail.com
+016983-12-31T18:30:00.000Z,Fujian,MZX16FAM0TC,621c831a9357ab95bbecd1d2,in.dolor@gmail.com
+024488-12-31T18:30:00.000Z,Anhui,MLT79JNE7PI,621c831a9357ab95bbecd1d3,posuere.cubilia@gmail.com
+015848-12-31T18:30:00.000Z,Fujian,CLL25VFX5IC,621c831a9357ab95bbecd1d4,phasellus.ornare@gmail.com
+027056-12-31T18:30:00.000Z,Henan,BBB16DVB4MU,621c831a9357ab95bbecd1d5,nisl.arcu@gmail.com
+026266-12-31T18:30:00.000Z,Jiangsu,XVV17YQD2UH,621c831a9357ab95bbecd1d6,duis.dignissim@gmail.com
+027038-12-31T18:30:00.000Z,Hainan,PLG79YSF7ZL,621c831a9357ab95bbecd1d7,consequat@gmail.com
+037750-12-31T18:30:00.000Z,Tianjin,COC61FHY2XD,621c831a9357ab95bbecd1d8,vehicula@gmail.com
+022308-12-31T18:30:00.000Z,Yunnan,ZYU55ICG7QH,621c831a9357ab95bbecd1d9,enim.diam@gmail.com
+027235-12-31T18:30:00.000Z,Shaanxi,MWN15BKF4FC,621c831a9357ab95bbecd1da,mollis.integer@gmail.com
+020736-12-31T18:30:00.000Z,Heilongjiang,GVI41MVF6MD,621c831a9357ab95bbecd1db,proin.mi.aliquam@gmail.com
+030112-12-31T18:30:00.000Z,Liaoning,KZM15NVX9RE,621c831a9357ab95bbecd1dc,accumsan.interdum.libero@gmail.com
+031086-12-31T18:30:00.000Z,Guizhou,LDM32DKV7NK,621c831a9357ab95bbecd1dd,mi.felis@gmail.com
+035650-12-31T18:30:00.000Z,Jilin,KYE81RSK8SJ,621c831a9357ab95bbecd1de,tellus.suspendisse@gmail.com
+036089-12-31T18:30:00.000Z,Anhui,BTH66VMU4UJ,621c831a9357ab95bbecd1df,lobortis.ultrices@gmail.com
+034614-12-31T18:30:00.000Z,Beijing,WYR73SSH9MQ,621c831a9357ab95bbecd1e0,augue.porttitor@gmail.com
+032211-12-31T18:30:00.000Z,Chongqing,NHS31FLJ1WG,621c831a9357ab95bbecd1e1,duis.at@gmail.com
+035964-12-31T18:30:00.000Z,Fujian,MPP64HPV7EQ,621c831a9357ab95bbecd1e2,quam@gmail.com
+024243-12-31T18:30:00.000Z,Gansu,GNU15QIB6TG,621c831a9357ab95bbecd1e3,non.magna@gmail.com
+029346-12-31T18:30:00.000Z,Guangdong,GMG86BEY7QI,621c831a9357ab95bbecd1e4,nec.enim@gmail.com
+019215-12-31T18:30:00.000Z,Guangxi,JDY73TSW9CY,621c831a9357ab95bbecd1e5,mauris.aliquam.eu@gmail.com
+031159-12-31T18:30:00.000Z,Guizhou,RJQ84QPE6GL,621c831a9357ab95bbecd1e6,congue@gmail.com
+033045-12-31T18:30:00.000Z,Hainan,NGN52FJA5VP,621c831a9357ab95bbecd1e7,vitae@gmail.com
+029903-12-31T18:30:00.000Z,Hebei,QTY34FLL5QG,621c831a9357ab95bbecd1e8,imperdiet.non.vestibulum@gmail.com
+020418-12-31T18:30:00.000Z,Heilongjiang,JXS51MXV3LE,621c831a9357ab95bbecd1e9,at.lacus@gmail.com
+033896-12-31T18:30:00.000Z,Henan,TCY28QIU2IG,621c831a9357ab95bbecd1ea,in@gmail.com
+036018-12-31T18:30:00.000Z,Hubei,NSW32DMX3FN,621c831a9357ab95bbecd1eb,sem.egestas.blandit@gmail.com
+030850-12-31T18:30:00.000Z,Hunan,UWG43MPU9XW,621c831a9357ab95bbecd1ec,orci.luctus@gmail.com
+030956-12-31T18:30:00.000Z,Inner Mongolia,OSK11PKL4WJ,621c831a9357ab95bbecd1ed,cursus.et.eros@gmail.com
+032379-12-31T18:30:00.000Z,Jiangsu,GBV12DCD1IZ,621c831a9357ab95bbecd1ee,massa.quisque@gmail.com
+036530-12-31T18:30:00.000Z,Jiangxi,EEJ95YWB4LH,621c831a9357ab95bbecd1ef,urna.nunc@gmail.com
+034765-12-31T18:30:00.000Z,Jilin,WGG77OHE7VV,621c831a9357ab95bbecd1f0,mauris@gmail.com
+021225-12-31T18:30:00.000Z,Liaoning,WEW92BSV2FW,621c831a9357ab95bbecd1f1,sodales.elit@gmail.com
+024703-12-31T18:30:00.000Z,Ningxia,WYD47TRS7NY,621c831a9357ab95bbecd1f2,integer@gmail.com
+028603-12-31T18:30:00.000Z,Qinghai,ULH25LNJ4IX,621c831a9357ab95bbecd1f3,dignissim.lacus@gmail.com
+019383-12-31T18:30:00.000Z,Shaanxi,YAO21OID5XX,621c831a9357ab95bbecd1f4,luctus.ut@gmail.com
+024393-12-31T18:30:00.000Z,Shandong,UCK89NGS6RN,621c831a9357ab95bbecd1f5,risus@gmail.com
+038841-12-31T18:30:00.000Z,Shanghai,CTV58FYK7CE,621c831a9357ab95bbecd1f6,lorem.sit@gmail.com
+016971-12-31T18:30:00.000Z,Shanxi,IKM17DCZ3QV,621c831a9357ab95bbecd1f7,aliquet.lobortis@gmail.com
+021540-12-31T18:30:00.000Z,Sichuan,BKN34LYU9JE,621c831a9357ab95bbecd1f8,non.vestibulum@gmail.com
+030852-12-31T18:30:00.000Z,Anhui,OJG75KXU6UZ,621c831a9357ab95bbecd1f9,tempus.non@gmail.com
+027589-12-31T18:30:00.000Z,Beijing,JBL87GJJ1UA,621c831a9357ab95bbecd1fa,fringilla@gmail.com
+018232-12-31T18:30:00.000Z,Chongqing,NHI13RMV6JB,621c831a9357ab95bbecd1fb,eros.non.enim@gmail.com
+025322-12-31T18:30:00.000Z,Fujian,MSF16IRG2UB,621c831a9357ab95bbecd1fc,quisque.imperdiet@gmail.com
+014910-12-31T18:30:00.000Z,Gansu,LNY31SDZ5BR,621c831a9357ab95bbecd1fd,lorem@gmail.com
+018822-12-31T18:30:00.000Z,Guangdong,GVX78TDP5HQ,621c831a9357ab95bbecd1fe,sed.neque@gmail.com
+023324-12-31T18:30:00.000Z,Guangxi,KYN68KDO0MT,621c831a9357ab95bbecd1ff,placerat.eget@gmail.com
+019844-12-31T18:30:00.000Z,Guizhou,OQL46SDB2KC,621c831a9357ab95bbecd200,cursus@gmail.com
+028051-12-31T18:30:00.000Z,Hainan,WLM44HGL1TS,621c831a9357ab95bbecd201,metus.aenean@gmail.com
+039661-12-31T18:30:00.000Z,Hebei,QDH04INK8NK,621c831a9357ab95bbecd202,vestibulum@gmail.com
+026226-12-31T18:30:00.000Z,Heilongjiang,MDH61THC7PT,621c831a9357ab95bbecd203,orci.phasellus@gmail.com
+031179-12-31T18:30:00.000Z,Henan,IQR13RDU6WH,621c831a9357ab95bbecd204,ridiculus.mus.proin@gmail.com
+037166-12-31T18:30:00.000Z,Hubei,MXK59KGU6NN,621c831a9357ab95bbecd205,egestas@gmail.com
+027411-12-31T18:30:00.000Z,Guangdong,TXA73PKV6SQ,621c831a9357ab95bbecd206,nibh.sit@gmail.com
+021653-12-31T18:30:00.000Z,Zhejiang,YQW78GWP8RS,621c831a9357ab95bbecd207,suscipit.est@gmail.com
+033814-12-31T18:30:00.000Z,Beijing,FYR48SNX2BT,621c831a9357ab95bbecd208,porta@gmail.com
+035343-12-31T18:30:00.000Z,Chongqing,YYV26RDA3IN,621c831a9357ab95bbecd209,lobortis.nisi@gmail.com
+038034-12-31T18:30:00.000Z,Hunan,EWW79IJH8HO,621c831a9357ab95bbecd20a,facilisis.suspendisse@gmail.com
+027522-12-31T18:30:00.000Z,Guangxi,OYT45YXN3BP,621c831a9357ab95bbecd20b,consectetuer.adipiscing@gmail.com
+019068-12-31T18:30:00.000Z,Shanghai,OHB66NRP1QS,621c831a9357ab95bbecd20c,elit@gmail.com
+018599-12-31T18:30:00.000Z,Jiangxi,JKD40WJN6KI,621c831a9357ab95bbecd20d,sagittis@gmail.com
+022831-12-31T18:30:00.000Z,Sichuan,LAJ04OCI2GC,621c831a9357ab95bbecd20e,vitae.erat@gmail.com
+017065-12-31T18:30:00.000Z,Shandong,WYG17PMM3WL,621c831a9357ab95bbecd20f,vestibulum.massa@gmail.com
+032250-12-31T18:30:00.000Z,Anhui,SPG11SNN6LQ,621c831a9357ab95bbecd210,at.risus@gmail.com
+028484-12-31T18:30:00.000Z,Fujian,PCT64LHX4YR,621c831a9357ab95bbecd211,nunc.sed.pede@gmail.com
+017961-12-31T18:30:00.000Z,Henan,VOA28HZK1IT,621c831a9357ab95bbecd212,nisl.maecenas@gmail.com
+026648-12-31T18:30:00.000Z,Jiangsu,VCO72JLJ7DD,621c831a9357ab95bbecd213,aenean.euismod.mauris@gmail.com
+036453-12-31T18:30:00.000Z,Hainan,PDB36AKR1XJ,621c831a9357ab95bbecd214,id@gmail.com
+038071-12-31T18:30:00.000Z,Tianjin,IEY01VQN1BH,621c831a9357ab95bbecd215,nulla.donec@gmail.com
+030144-12-31T18:30:00.000Z,Yunnan,OOG68KRL2JX,621c831a9357ab95bbecd216,nonummy.ultricies@gmail.com
+020786-12-31T18:30:00.000Z,Shaanxi,YUL22BDY5MF,621c831a9357ab95bbecd217,vitae@gmail.com
+031730-12-31T18:30:00.000Z,Heilongjiang,XQT21KHU5KA,621c831a9357ab95bbecd218,accumsan.laoreet.ipsum@gmail.com
+032516-12-31T18:30:00.000Z,Liaoning,ODN47LEL2SJ,621c831a9357ab95bbecd219,ligula.nullam.enim@gmail.com
+016743-12-31T18:30:00.000Z,Guizhou,IND81SEI5HZ,621c831a9357ab95bbecd21a,nullam@gmail.com
+017597-12-31T18:30:00.000Z,Jilin,FRO28YBV6MG,621c831a9357ab95bbecd21b,ut.sagittis@gmail.com
+022133-12-31T18:30:00.000Z,Anhui,XXS25SQE7XQ,621c831a9357ab95bbecd21c,enim.suspendisse.aliquet@gmail.com
+023736-12-31T18:30:00.000Z,Beijing,TWJ63AYG5XW,621c831a9357ab95bbecd21d,ante.nunc.mauris@gmail.com
+031552-12-31T18:30:00.000Z,Chongqing,VIV88LVQ1II,621c831a9357ab95bbecd21e,duis.cursus@gmail.com
+017839-12-31T18:30:00.000Z,Fujian,YAD34WUZ2FY,621c831a9357ab95bbecd21f,mus.donec@gmail.com
+029989-12-31T18:30:00.000Z,Gansu,XBE35PYC7VN,621c831a9357ab95bbecd220,donec.non@gmail.com
+022437-12-31T18:30:00.000Z,Guangdong,QGE94HNW6CJ,621c831a9357ab95bbecd221,orci.luctus@gmail.com
+014831-12-31T18:30:00.000Z,Guangxi,OON23KGV8UE,621c831a9357ab95bbecd222,aliquet@gmail.com
+040136-12-31T18:30:00.000Z,Guizhou,LLV76TEM2ID,621c831a9357ab95bbecd223,adipiscing.elit@gmail.com
+021479-12-31T18:30:00.000Z,Hainan,QQE92FIL5MP,621c831a9357ab95bbecd224,id.ante@gmail.com
+020280-12-31T18:30:00.000Z,Hebei,NIP33NKB2FS,621c831a9357ab95bbecd225,et@gmail.com
+017718-12-31T18:30:00.000Z,Heilongjiang,OTE46UVD3LK,621c831a9357ab95bbecd226,elit.a.feugiat@gmail.com
+014687-12-31T18:30:00.000Z,Henan,NXE32AYO7OG,621c831a9357ab95bbecd227,tortor.dictum.eu@gmail.com
+029047-12-31T18:30:00.000Z,Hubei,TXU17PPD9OF,621c831a9357ab95bbecd228,eget@gmail.com
+025450-12-31T18:30:00.000Z,Hunan,PRJ92FSD3UJ,621c831a9357ab95bbecd229,euismod.et@gmail.com
+032067-12-31T18:30:00.000Z,Inner Mongolia,TBB83NWL0DP,621c831a9357ab95bbecd22a,ac.mattis@gmail.com
+019805-12-31T18:30:00.000Z,Jiangsu,ENP33QUT1JC,621c831a9357ab95bbecd22b,quisque.fringilla@gmail.com
+030487-12-31T18:30:00.000Z,Jiangxi,VEK53GBE5HJ,621c831a9357ab95bbecd22c,congue@gmail.com
+027979-12-31T18:30:00.000Z,Jilin,YXJ51CRH2CL,621c831a9357ab95bbecd22d,dui.augue.eu@gmail.com
+018391-12-31T18:30:00.000Z,Liaoning,FYV42PCT1HL,621c831a9357ab95bbecd22e,orci.lacus@gmail.com
+014945-12-31T18:30:00.000Z,Ningxia,UHF21IAL3CS,621c831a9357ab95bbecd22f,curabitur.vel.lectus@gmail.com
+035789-12-31T18:30:00.000Z,Qinghai,FYO87SXD2TG,621c831a9357ab95bbecd230,sollicitudin.commodo@gmail.com
+028196-12-31T18:30:00.000Z,Shaanxi,CJH33MRH0PS,621c831a9357ab95bbecd231,fringilla.donec@gmail.com
+016883-12-31T18:30:00.000Z,Shandong,LGG72RFY6EL,621c831a9357ab95bbecd232,risus@gmail.com
+028031-12-31T18:30:00.000Z,Shanghai,BZV54NTM0RR,621c831a9357ab95bbecd233,eleifend@gmail.com
+038054-12-31T18:30:00.000Z,Shanxi,RUF54XXQ3TM,621c831a9357ab95bbecd234,pellentesque@gmail.com
+019874-12-31T18:30:00.000Z,Sichuan,SBQ40VBY8EW,621c831a9357ab95bbecd235,in@gmail.com
+015043-12-31T18:30:00.000Z,Anhui,ZNE61HUQ5WX,621c831a9357ab95bbecd236,blandit@gmail.com
+029438-12-31T18:30:00.000Z,Beijing,FED39IRK1TS,621c831a9357ab95bbecd237,nisl.arcu@gmail.com
+038946-12-31T18:30:00.000Z,Chongqing,MME18VGC2OR,621c831a9357ab95bbecd238,ullamcorper.eu.euismod@gmail.com
+022865-12-31T18:30:00.000Z,Fujian,WGV83XRO1UV,621c831a9357ab95bbecd239,nisl.quisque@gmail.com
+027856-12-31T18:30:00.000Z,Gansu,LXQ82AIP6VQ,621c831a9357ab95bbecd23a,consectetuer@gmail.com
+015176-12-31T18:30:00.000Z,Guangdong,TCK93YQI7GQ,621c831a9357ab95bbecd23b,ornare@gmail.com
+023444-12-31T18:30:00.000Z,Guangxi,AHM18WKE6XQ,621c831a9357ab95bbecd23c,purus.gravida@gmail.com
+032779-12-31T18:30:00.000Z,Guizhou,BOP84INW1UO,621c831a9357ab95bbecd23d,egestas.blandit.nam@gmail.com
+023745-12-31T18:30:00.000Z,Hainan,ZNI10OGJ3JS,621c831a9357ab95bbecd23e,aenean@gmail.com
+020438-12-31T18:30:00.000Z,Hebei,UBF80BBS8HO,621c831a9357ab95bbecd23f,montes.nascetur@gmail.com
+023386-12-31T18:30:00.000Z,Heilongjiang,WKO11GXB3VU,621c831a9357ab95bbecd240,donec@gmail.com
+038868-12-31T18:30:00.000Z,Henan,HGD11WQE4FB,621c831a9357ab95bbecd241,lorem@gmail.com
+024540-12-31T18:30:00.000Z,Hubei,HLH72ERT2XT,621c831a9357ab95bbecd242,non.lacinia@gmail.com
+037305-12-31T18:30:00.000Z,Guangdong,OQE15XDM4FH,621c831a9357ab95bbecd243,arcu.et@gmail.com
+021485-12-31T18:30:00.000Z,Zhejiang,YVP84XVX8WZ,621c831a9357ab95bbecd244,id.erat@gmail.com
+020134-12-31T18:30:00.000Z,Beijing,MRF51BVL5FV,621c831a9357ab95bbecd245,est.vitae@gmail.com
+019115-12-31T18:30:00.000Z,Chongqing,HLK79ZUQ6SJ,621c831a9357ab95bbecd246,ac.ipsum@gmail.com
+029032-12-31T18:30:00.000Z,Hunan,GHJ27GRY7JP,621c831a9357ab95bbecd247,erat.eget@gmail.com
+034818-12-31T18:30:00.000Z,Guangxi,URU23CXH5JI,621c831a9357ab95bbecd248,commodo.ipsum.suspendisse@gmail.com
+038332-12-31T18:30:00.000Z,Shanghai,KMC19NGW7NT,621c831a9357ab95bbecd249,elementum@gmail.com
+015308-12-31T18:30:00.000Z,Jiangxi,YQP02FSR8EP,621c831a9357ab95bbecd24a,mauris@gmail.com
+016430-12-31T18:30:00.000Z,Sichuan,YHK45KRH4EB,621c831a9357ab95bbecd24b,orci.donec@gmail.com
+039929-12-31T18:30:00.000Z,Shandong,KFX48HTQ7GE,621c831a9357ab95bbecd24c,diam.proin@gmail.com
+019893-12-31T18:30:00.000Z,Anhui,CKL59VEM1RV,621c831a9357ab95bbecd24d,ut.mi@gmail.com
+026669-12-31T18:30:00.000Z,Fujian,GCR73HEU5TT,621c831a9357ab95bbecd24e,eleifend.non@gmail.com
+021561-12-31T18:30:00.000Z,Henan,GES25DXX3PS,621c831a9357ab95bbecd24f,augue.id@gmail.com
+031134-12-31T18:30:00.000Z,Jiangsu,ALO21PYJ2JF,621c831a9357ab95bbecd250,phasellus.vitae@gmail.com
+016637-12-31T18:30:00.000Z,Hainan,YPK58TQI9PP,621c831a9357ab95bbecd251,blandit.viverra@gmail.com
+025497-12-31T18:30:00.000Z,Tianjin,UNK84OBG3BB,621c831a9357ab95bbecd252,hymenaeos@gmail.com
+034041-12-31T18:30:00.000Z,Yunnan,VBL16TJS0BZ,621c831a9357ab95bbecd253,nunc.quis@gmail.com
+028271-12-31T18:30:00.000Z,Shaanxi,NLH54DKS4SF,621c831a9357ab95bbecd254,orci@gmail.com
+016718-12-31T18:30:00.000Z,Heilongjiang,YCN82SAJ2DT,621c831a9357ab95bbecd255,neque.venenatis.lacus@gmail.com
+017746-12-31T18:30:00.000Z,Liaoning,SUQ53GOY7MV,621c831a9357ab95bbecd256,scelerisque.mollis@gmail.com
+035150-12-31T18:30:00.000Z,Guizhou,BOX72WJV8TJ,621c831a9357ab95bbecd257,gravida@gmail.com
+030491-12-31T18:30:00.000Z,Jilin,TGV20LPK3NU,621c831a9357ab95bbecd258,luctus.et.ultrices@gmail.com
+021904-12-31T18:30:00.000Z,Shanghai,XHW80HRT1EG,621c831a9357ab95bbecd259,at.risus@gmail.com
+014842-12-31T18:30:00.000Z,Henan,QBI88JXM3OK,621c831a9357ab95bbecd25a,tortor.nunc@gmail.com
+021933-12-31T18:30:00.000Z,Sichuan,XCE75IAW9FD,621c831a9357ab95bbecd25b,turpis.egestas.aliquam@gmail.com
+030913-12-31T18:30:00.000Z,Shandong,XSG31QNF3CE,621c831a9357ab95bbecd25c,sed@gmail.com
+030346-12-31T18:30:00.000Z,Guangxi,NKJ51CTO3WC,621c831a9357ab95bbecd25d,convallis.ligula@gmail.com
+036969-12-31T18:30:00.000Z,Hainan,RJR34NTO3AE,621c831a9357ab95bbecd25e,enim.etiam@gmail.com
+025271-12-31T18:30:00.000Z,Jiangxi,GYS22LUR0NW,621c831a9357ab95bbecd25f,augue.malesuada.malesuada@gmail.com
+014633-12-31T18:30:00.000Z,Fujian,EMX32FII5LY,621c831a9357ab95bbecd260,ullamcorper.duis@gmail.com
+036332-12-31T18:30:00.000Z,Jiangsu,HYD82TQG7BI,621c831a9357ab95bbecd261,tortor.integer@gmail.com
+015701-12-31T18:30:00.000Z,Liaoning,YBU86HHK8OD,621c831a9357ab95bbecd262,vitae.risus@gmail.com
+034671-12-31T18:30:00.000Z,Shaanxi,KJB25TNG6BH,621c831a9357ab95bbecd263,turpis@gmail.com
+027952-12-31T18:30:00.000Z,Yunnan,WSP62THZ7NR,621c831a9357ab95bbecd264,laoreet.ipsum@gmail.com
+016555-12-31T18:30:00.000Z,Tianjin,QKK28YOH8MX,621c831a9357ab95bbecd265,ac.nulla@gmail.com
+032104-12-31T18:30:00.000Z,Heilongjiang,TPT36ESP7LJ,621c831a9357ab95bbecd266,gravida.non.sollicitudin@gmail.com
+035151-12-31T18:30:00.000Z,Hebei,EGX89DQK7LT,621c831a9357ab95bbecd267,amet.metus@gmail.com
+037130-12-31T18:30:00.000Z,Inner Mongolia,UHD45ZKD5QQ,621c831a9357ab95bbecd268,donec.felis@gmail.com
+039190-12-31T18:30:00.000Z,Shanxi,QTP58NHU4HD,621c831a9357ab95bbecd269,proin.ultrices@gmail.com
+034505-12-31T18:30:00.000Z,Shanghai,PRV38PAI4HQ,621c831a9357ab95bbecd26a,parturient@gmail.com
+019180-12-31T18:30:00.000Z,Henan,YEE66TWE7HI,621c831a9357ab95bbecd26b,cursus.purus.nullam@gmail.com
+024651-12-31T18:30:00.000Z,Sichuan,FKK50LGY8QB,621c831a9357ab95bbecd26c,vehicula.et.rutrum@gmail.com
+039046-12-31T18:30:00.000Z,Shandong,YUX24UOY6AO,621c831a9357ab95bbecd26d,convallis.erat@gmail.com
+031572-12-31T18:30:00.000Z,Guangxi,IMC58UWO1GM,621c831a9357ab95bbecd26e,in.ornare@gmail.com
+035878-12-31T18:30:00.000Z,Hainan,CDU04WNP0WM,621c831a9357ab95bbecd26f,nunc.risus.varius@gmail.com
+025618-12-31T18:30:00.000Z,Jiangxi,FSM75STC8NX,621c831a9357ab95bbecd270,luctus.aliquet@gmail.com
+020534-12-31T18:30:00.000Z,Fujian,YAM67GNF7JX,621c831a9357ab95bbecd271,proin.non@gmail.com
+018504-12-31T18:30:00.000Z,Jiangsu,VNU86QLY1DO,621c831a9357ab95bbecd272,sociis@gmail.com
+025874-12-31T18:30:00.000Z,Liaoning,VQE77IIJ2WY,621c831a9357ab95bbecd273,amet.lorem@gmail.com
+037050-12-31T18:30:00.000Z,Shaanxi,DPU29ZPE5IB,621c831a9357ab95bbecd274,sed.consequat@gmail.com
+034547-12-31T18:30:00.000Z,Yunnan,ZXD77RDB0IG,621c831a9357ab95bbecd275,eget.volutpat@gmail.com
+028559-12-31T18:30:00.000Z,Tianjin,OVC50STT3PY,621c831a9357ab95bbecd276,eget@gmail.com
+032291-12-31T18:30:00.000Z,Heilongjiang,GYE34CBR6PI,621c831a9357ab95bbecd277,in.magna.phasellus@gmail.com
+015690-12-31T18:30:00.000Z,Hebei,APE48NJR9SM,621c831a9357ab95bbecd278,vel.faucibus@gmail.com
+029555-12-31T18:30:00.000Z,Inner Mongolia,YTF37DRC9BB,621c831a9357ab95bbecd279,non.dui@gmail.com
+025915-12-31T18:30:00.000Z,Shanxi,JDQ38GFJ1AV,621c831a9357ab95bbecd27a,lacus.aliquam@gmail.com
+021870-12-31T18:30:00.000Z,Anhui,RXO70EIE0SA,621c831a9357ab95bbecd27b,urna.suscipit.nonummy@gmail.com
+021686-12-31T18:30:00.000Z,Beijing,VZR63KWP9HV,621c831a9357ab95bbecd27c,magna@gmail.com
+027614-12-31T18:30:00.000Z,Chongqing,BCK80BIT5KJ,621c831a9357ab95bbecd27d,dictum.mi@gmail.com
+034599-12-31T18:30:00.000Z,Fujian,VPN77QEL4CO,621c831a9357ab95bbecd27e,nec.quam@gmail.com
+019405-12-31T18:30:00.000Z,Gansu,VYP67IDQ7SJ,621c831a9357ab95bbecd27f,erat@gmail.com
+017534-12-31T18:30:00.000Z,Guangdong,RXP73CCN7YK,621c831a9357ab95bbecd280,velit.sed@gmail.com
+024147-12-31T18:30:00.000Z,Guangxi,YRT77ASQ6VJ,621c831a9357ab95bbecd281,convallis.convallis@gmail.com
+030811-12-31T18:30:00.000Z,Guizhou,BLT13TDH5YF,621c831a9357ab95bbecd282,massa.mauris@gmail.com
+032347-12-31T18:30:00.000Z,Hainan,XIJ16EGG3BT,621c831a9357ab95bbecd283,cursus.nunc@gmail.com
+023382-12-31T18:30:00.000Z,Hebei,VBA11MMY3BI,621c831a9357ab95bbecd284,magna.et@gmail.com
+025475-12-31T18:30:00.000Z,Heilongjiang,JHW14KDC1CN,621c831a9357ab95bbecd285,rutrum.magna.cras@gmail.com
+039680-12-31T18:30:00.000Z,Henan,HLQ01NHV7VB,621c831a9357ab95bbecd286,ut.odio@gmail.com
+026255-12-31T18:30:00.000Z,Hubei,GRW52DUM7XV,621c831a9357ab95bbecd287,dis@gmail.com
+025388-12-31T18:30:00.000Z,Hunan,WLD74KUG5KM,621c831a9357ab95bbecd288,magnis@gmail.com
+017553-12-31T18:30:00.000Z,Inner Mongolia,PAJ94QMZ4IU,621c831a9357ab95bbecd289,aliquet.vel@gmail.com
+035651-12-31T18:30:00.000Z,Jiangsu,DFL79HME3MZ,621c831a9357ab95bbecd28a,porttitor.vulputate.posuere@gmail.com
+026745-12-31T18:30:00.000Z,Jiangxi,FPK03DKK6RO,621c831a9357ab95bbecd28b,sed.congue@gmail.com
+033368-12-31T18:30:00.000Z,Jilin,DVA43DCP2LM,621c831a9357ab95bbecd28c,luctus.et@gmail.com
+031649-12-31T18:30:00.000Z,Liaoning,PQS46OEB3YW,621c831a9357ab95bbecd28d,laoreet.lectus.quis@gmail.com
+035367-12-31T18:30:00.000Z,Ningxia,EPD58SWX2CO,621c831a9357ab95bbecd28e,metus.aliquam.erat@gmail.com
+015882-12-31T18:30:00.000Z,Qinghai,TWM52XRD3KV,621c831a9357ab95bbecd28f,eu.eleifend@gmail.com
+027110-12-31T18:30:00.000Z,Shaanxi,PHF86HUL7RO,621c831a9357ab95bbecd290,non@gmail.com
+036421-12-31T18:30:00.000Z,Shandong,EER62DXU6ME,621c831a9357ab95bbecd291,lacus.pede@gmail.com
+027114-12-31T18:30:00.000Z,Shanghai,NHB76RAO9BW,621c831a9357ab95bbecd292,pede.cras.vulputate@gmail.com
+019038-12-31T18:30:00.000Z,Shanxi,YEQ99BGG7XX,621c831a9357ab95bbecd293,magna.nam@gmail.com
+039204-12-31T18:30:00.000Z,Sichuan,NCM08HAN1GI,621c831a9357ab95bbecd294,magna.nam@gmail.com
+029010-12-31T18:30:00.000Z,Anhui,NFB33LXE7LU,621c831a9357ab95bbecd295,montes.nascetur.ridiculus@gmail.com
+024579-12-31T18:30:00.000Z,Beijing,TCS12XJH2BJ,621c831a9357ab95bbecd296,est.vitae@gmail.com
+035418-12-31T18:30:00.000Z,Chongqing,QZH20HWU1UK,621c831a9357ab95bbecd297,curae.donec@gmail.com
+024551-12-31T18:30:00.000Z,Fujian,CRD83ISE1TY,621c831a9357ab95bbecd298,integer.mollis.integer@gmail.com
+018548-12-31T18:30:00.000Z,Gansu,UTL27FSL6EH,621c831a9357ab95bbecd299,lacus@gmail.com
+024985-12-31T18:30:00.000Z,Guangdong,QBI12GXG7LP,621c831a9357ab95bbecd29a,cum.sociis@gmail.com
+018421-12-31T18:30:00.000Z,Guangxi,FFU39XCP2KV,621c831a9357ab95bbecd29b,dictum.mi.ac@gmail.com
+037268-12-31T18:30:00.000Z,Guizhou,RUR19BGU5RT,621c831a9357ab95bbecd29c,ullamcorper.magna@gmail.com
+025060-12-31T18:30:00.000Z,Hainan,KKZ87TXO9SG,621c831a9357ab95bbecd29d,nullam.suscipit@gmail.com
+022315-12-31T18:30:00.000Z,Hebei,FBI82VCB7TP,621c831a9357ab95bbecd29e,ornare.facilisis.eget@gmail.com
+018248-12-31T18:30:00.000Z,Heilongjiang,WWN89WGP9HV,621c831a9357ab95bbecd29f,nulla.at@gmail.com
+039609-12-31T18:30:00.000Z,Henan,UOB11RTL8XV,621c831a9357ab95bbecd2a0,mauris@gmail.com
+021182-12-31T18:30:00.000Z,Hubei,XJD73YTK6EJ,621c831a9357ab95bbecd2a1,rutrum@gmail.com
+023601-12-31T18:30:00.000Z,Guangdong,SCV73YPT8US,621c831a9357ab95bbecd2a2,velit.quisque@gmail.com
+031864-12-31T18:30:00.000Z,Zhejiang,CJG44VIU8UE,621c831a9357ab95bbecd2a3,auctor.non.feugiat@gmail.com
+026127-12-31T18:30:00.000Z,Beijing,UON45MPT4TJ,621c831a9357ab95bbecd2a4,gravida.mauris.ut@gmail.com
+026280-12-31T18:30:00.000Z,Chongqing,JGG22IEM8XD,621c831a9357ab95bbecd2a5,cras.lorem@gmail.com
+014623-12-31T18:30:00.000Z,Hunan,FWS27PUU4GG,621c831a9357ab95bbecd2a6,eros@gmail.com
+019052-12-31T18:30:00.000Z,Guangxi,HJB01CWK5CF,621c831a9357ab95bbecd2a7,in.faucibus@gmail.com
+015938-12-31T18:30:00.000Z,Shanghai,MRQ56CZP6EU,621c831a9357ab95bbecd2a8,dignissim.magna.a@gmail.com
+035553-12-31T18:30:00.000Z,Jiangxi,TBF37OLU8HY,621c831a9357ab95bbecd2a9,venenatis.vel@gmail.com
+033597-12-31T18:30:00.000Z,Sichuan,YGQ77RIP1NN,621c831a9357ab95bbecd2aa,ut.sem@gmail.com
+017889-12-31T18:30:00.000Z,Shandong,OKK05VON1VZ,621c831a9357ab95bbecd2ab,lectus.cum.sociis@gmail.com
+016373-12-31T18:30:00.000Z,Anhui,GQQ97FYJ0ZC,621c831a9357ab95bbecd2ac,nisl.quisque@gmail.com
+023541-12-31T18:30:00.000Z,Fujian,CFT19UGE2HE,621c831a9357ab95bbecd2ad,egestas.duis@gmail.com
+021566-12-31T18:30:00.000Z,Henan,KMB75YBL2ZY,621c831a9357ab95bbecd2ae,molestie.pharetra@gmail.com
+028585-12-31T18:30:00.000Z,Jiangsu,YYS56TUD7FW,621c831a9357ab95bbecd2af,sit.amet@gmail.com
+019181-12-31T18:30:00.000Z,Hainan,EIL50NNG6QO,621c831a9357ab95bbecd2b0,ac.feugiat.non@gmail.com
+016818-12-31T18:30:00.000Z,Tianjin,VGS78WKI5SW,621c831a9357ab95bbecd2b1,in.condimentum@gmail.com
+039537-12-31T18:30:00.000Z,Yunnan,HRW17TMD5UH,621c831a9357ab95bbecd2b2,vestibulum.accumsan@gmail.com
+026866-12-31T18:30:00.000Z,Shaanxi,JTW82OCO6OA,621c831a9357ab95bbecd2b3,semper.rutrum@gmail.com
+028309-12-31T18:30:00.000Z,Heilongjiang,TLI63WBU1XL,621c831a9357ab95bbecd2b4,ante.iaculis.nec@gmail.com
+035298-12-31T18:30:00.000Z,Liaoning,VEP35QYF7LG,621c831a9357ab95bbecd2b5,volutpat.nulla.dignissim@gmail.com
+021986-12-31T18:30:00.000Z,Guizhou,YFE32MZU5OS,621c831a9357ab95bbecd2b6,velit.sed@gmail.com
+033785-12-31T18:30:00.000Z,Jilin,LWE66UJK1OP,621c831a9357ab95bbecd2b7,fringilla.purus@gmail.com
+037313-12-31T18:30:00.000Z,Anhui,RTY75DIG1SH,621c831a9357ab95bbecd2b8,faucibus.orci@gmail.com
+025420-12-31T18:30:00.000Z,Beijing,KSM86RXW7LU,621c831a9357ab95bbecd2b9,metus.sit@gmail.com
+025887-12-31T18:30:00.000Z,Chongqing,SXV38MEO5NB,621c831a9357ab95bbecd2ba,semper.tellus@gmail.com
+021268-12-31T18:30:00.000Z,Fujian,SKN12YIE3CO,621c831a9357ab95bbecd2bb,dolor@gmail.com
+023925-12-31T18:30:00.000Z,Gansu,BGC55TZQ0EK,621c831a9357ab95bbecd2bc,ullamcorper@gmail.com